rank,title,lifetime_gross,year,summary,image,Domestic Distributor,Budget,MPAA,Genres,Running Time (min),Release Date,id
1,avatar,2923706026,2009,a paraplegic marine dispatched to the moon pandora on a unique mission becomes torn between following his orders and protecting the world he feels is his home.,"https://m.media-amazon.com/images/M/MV5BMDEzMmQwZjctZWU2My00MWNlLWE0NjItMDJlYTRlNGJiZjcyXkEyXkFqcGc@._V1_SY278_CR2,0,184,278_.jpg",twentieth century fox,237000000,pg-13,"['action', 'adventure', 'fantasy', 'sci-fi']",162,2009-12-16,b09e753b-4c2f-4819-bc6b-cf79983a265d
2,avengers: endgame,2799439100,2019,after the devastating events of,"https://m.media-amazon.com/images/M/MV5BMTc5MDE2ODcwNV5BMl5BanBnXkFtZTgwMzI2NzQ2NzM@._V1_SY278_CR2,0,184,278_.jpg",walt disney studios motion pictures,356000000,pg-13,"['action', 'adventure', 'drama', 'sci-fi']",181,2019-04-24,51c85b31-7aac-45a5-9fe9-b0ce6d0a55e8
3,avatar: the way of water,2320250281,2022,"jake sully lives with his newfound family formed on the extrasolar moon pandora. once a familiar threat returns to finish what was previously started, jake must work with neytiri and the army of the na'vi race to protect their home.","https://m.media-amazon.com/images/M/MV5BNmQxNjZlZTctMWJiMC00NGMxLWJjNTctNTFiNjA1Njk3ZDQ5XkEyXkFqcGc@._V1_SX184_CR0,0,184,278_.jpg",20th century studios,-1,pg-13,"['action', 'adventure', 'fantasy', 'sci-fi']",192,2022-12-14,844034d4-53c3-4c36-9f56-10b5c6a70976
4,titanic,2264750694,1997,"a seventeen-year-old aristocrat falls in love with a kind but poor artist aboard the luxurious, ill-fated r.m.s. titanic.","https://m.media-amazon.com/images/M/MV5BYzYyN2FiZmUtYWYzMy00MzViLWJkZTMtOGY1ZjgzNWMwN2YxXkEyXkFqcGc@._V1_SY278_CR1,0,184,278_.jpg",paramount pictures,200000000,pg-13,"['drama', 'romance']",194,1997-12-19,f1d890a3-31d9-47ce-97ff-86fbb5e6e6ed
5,star wars: episode vii - the force awakens,2071310218,2015,"as a new threat to the galaxy rises, rey, a desert scavenger, and finn, an ex-stormtrooper, must join han solo and chewbacca to search for the one hope of restoring peace.","https://m.media-amazon.com/images/M/MV5BOTAzODEzNDAzMl5BMl5BanBnXkFtZTgwMDU1MTgzNzE@._V1_SY278_CR2,0,184,278_.jpg",walt disney studios motion pictures,245000000,pg-13,"['action', 'adventure', 'sci-fi']",138,2015-12-16,d9fa0044-8228-48ee-872e-faef5faa2f8b
6,avengers: infinity war,2052415039,2018,the avengers and their allies must be willing to sacrifice all in an attempt to defeat the powerful thanos before his blitz of devastation and ruin puts an end to the universe.,"https://m.media-amazon.com/images/M/MV5BMjMxNjY2MDU1OV5BMl5BanBnXkFtZTgwNzY1MTUwNTM@._V1_SY278_CR2,0,184,278_.jpg",walt disney studios motion pictures,-1,pg-13,"['action', 'adventure', 'sci-fi']",149,2018-04-25,2d3e5d5d-325b-4b5f-a80e-75745b16d69a
7,spider-man: no way home,1921373347,2021,"with spider-man's identity now revealed, peter asks doctor strange for help. when a spell goes wrong, dangerous foes from other worlds start to appear.","https://m.media-amazon.com/images/M/MV5BMmFiZGZjMmEtMTA0Ni00MzA2LTljMTYtZGI2MGJmZWYzZTQ2XkEyXkFqcGc@._V1_SY278_CR0,0,184,278_.jpg",sony pictures releasing,-1,pg-13,"['action', 'adventure', 'fantasy', 'sci-fi']",148,2021-12-15,e0cb46e8-342f-45dc-a467-03e9d02bbe10
8,inside out 2,1690691370,2024,"a sequel that features riley entering puberty and experiencing brand new, more complex emotions as a result. as riley tries to adapt to her teenage years, her old emotions try to adapt to the possibility of being replaced.","https://m.media-amazon.com/images/M/MV5BYWY3MDE2Y2UtOTE3Zi00MGUzLTg2MTItZjE1ZWVkMGVlODRmXkEyXkFqcGc@._V1_SY278_CR2,0,184,278_.jpg",walt disney studios motion pictures,-1,pg,"['adventure', 'animation', 'comedy', 'drama', 'family', 'fantasy']",96,2024-06-12,0bc904a5-260f-471b-b7a3-504378a97c95
9,jurassic world,1671537444,2015,"a new theme park, built on the original site of jurassic park, creates a genetically modified hybrid dinosaur, the indominus rex, which escapes containment and goes on a killing spree.","https://m.media-amazon.com/images/M/MV5BNzBhNzlkM2UtZTQyOC00NjUyLTkzMmMtNDQ1YTM5N2NmMGE5XkEyXkFqcGc@._V1_SX184_CR0,0,184,278_.jpg",universal pictures,150000000,pg-13,"['action', 'adventure', 'sci-fi']",124,2015-06-10,eb24c782-844d-49e2-8f35-82ce53b8fe21
10,the lion king,1662020819,2019,"after the murder of his father, a young lion prince flees his kingdom only to learn the true meaning of responsibility and bravery.","https://m.media-amazon.com/images/M/MV5BMjIwMjE1Nzc4NV5BMl5BanBnXkFtZTgwNDg4OTA1NzM@._V1_SY278_CR2,0,184,278_.jpg",walt disney studios motion pictures,260000000,pg,"['adventure', 'animation', 'drama', 'family', 'fantasy', 'musical']",118,2019-07-11,f67b1855-aa9f-44d4-a66b-dc21df6b4611
11,the avengers,1520538536,2012,earth's mightiest heroes must come together and learn to fight as a team if they are going to stop the mischievous loki and his alien army from enslaving humanity.,"https://m.media-amazon.com/images/M/MV5BNGE0YTVjNzUtNzJjOS00NGNlLTgxMzctZTY4YTE1Y2Y1ZTU4XkEyXkFqcGc@._V1_SY278_CR2,0,184,278_.jpg",walt disney studios motion pictures,220000000,pg-13,"['action', 'sci-fi']",143,2012-04-25,08aba6c6-96d5-4655-af03-3d5a035d7d68
12,furious 7,1515342457,2015,deckard shaw seeks revenge against dominic toretto and his family for his comatose brother.,"https://m.media-amazon.com/images/M/MV5BMTQxOTA2NDUzOV5BMl5BanBnXkFtZTgwNzY2MTMxMzE@._V1_SX184_CR0,0,184,278_.jpg",universal pictures,190000000,pg-13,"['action', 'crime', 'thriller']",137,2015-04-01,d2326dc5-d617-4f99-b0b0-bdeba8c50b9f
13,top gun: maverick,1495696292,2022,"the story involves maverick confronting his past while training a group of younger top gun graduates, including the son of his deceased best friend, for a dangerous mission.","https://m.media-amazon.com/images/M/MV5BMDBkZDNjMWEtOTdmMi00NmExLTg5MmMtNTFlYTJlNWY5YTdmXkEyXkFqcGc@._V1_SY278_CR2,0,184,278_.jpg",paramount pictures,-1,pg-13,"['action', 'drama']",130,2022-05-20,b34e6253-5f5f-4286-a646-3a75144cc3f8
14,frozen ii,1453683476,2019,"anna, elsa, kristoff, olaf and sven leave arendelle to travel to an ancient, autumn-bound forest of an enchanted land. they set out to find the origin of elsa's powers in order to save their kingdom.","https://m.media-amazon.com/images/M/MV5BZTE1YjlmZjctNjIwNi00NDQ0LTlmMzgtYWZkY2RkZTMwNTdmXkEyXkFqcGc@._V1_SY278_CR2,0,184,278_.jpg",walt disney studios motion pictures,150000000,pg,"['adventure', 'animation', 'comedy', 'drama', 'family', 'fantasy', 'musical']",103,2019-11-20,c2241786-0bf3-4bc9-b96b-82a80be3c0d9
15,barbie,1446938421,2023,"barbie and ken are having the time of their lives in the colorful and seemingly perfect world of barbie land. however, when they get a chance to go to the real world, they soon discover the joys and perils of living among humans.","https://m.media-amazon.com/images/M/MV5BYjI3NDU0ZGYtYjA2YS00Y2RlLTgwZDAtYTE2YTM5ZjE1M2JlXkEyXkFqcGc@._V1_SY278_CR2,0,184,278_.jpg",warner bros.,-1,pg-13,"['adventure', 'comedy', 'fantasy']",114,2023-07-19,8f3abd86-f7e3-42bd-9f36-3948393389ff
16,avengers: age of ultron,1405018048,2015,"when tony stark and bruce banner try to jump-start a dormant peacekeeping program called ultron, things go horribly wrong and it's up to earth's mightiest heroes to stop the villainous ultron from enacting his terrible plan.","https://m.media-amazon.com/images/M/MV5BODBhYTg1NGQtNGVmNS00ZTdiLThjYTYtZDFkNzRiNTZmNDZjXkEyXkFqcGc@._V1_SY278_CR2,0,184,278_.jpg",walt disney studios motion pictures,250000000,pg-13,"['action', 'adventure', 'sci-fi']",141,2015-04-22,318bd611-78fb-4b72-995f-6dff770ae54f
17,the super mario bros. movie,1361992475,2023,"a plumber named mario travels through an underground labyrinth with his brother luigi, trying to save a captured princess.","https://m.media-amazon.com/images/M/MV5BOGZlN2EzOTYtMzUzOS00NTM3LTg0MTQtZDVjZGM4YmJlNWNhXkEyXkFqcGc@._V1_SY278_CR2,0,184,278_.jpg",universal pictures,-1,pg,"['adventure', 'animation', 'comedy', 'family', 'fantasy']",92,2023-04-05,c08ed36d-2478-4db3-bae0-a69eaa4b3c44
18,black panther,1349926083,2018,"t'challa, heir to the hidden but advanced kingdom of wakanda, must step forward to lead his people into a new future and must confront a challenger from his country's past.","https://m.media-amazon.com/images/M/MV5BMTg1MTY2MjYzNV5BMl5BanBnXkFtZTgwMTc4NTMwNDI@._V1_SY278_CR2,0,184,278_.jpg",walt disney studios motion pictures,-1,pg-13,"['action', 'adventure', 'sci-fi']",134,2018-02-13,80c223f7-39a1-400e-ac22-ab4716e9cf2f
19,harry potter and the deathly hallows: part 2,1342480797,2011,"harry, ron, and hermione search for voldemort's remaining horcruxes in their effort to destroy the dark lord as the final battle rages on at hogwarts.","https://m.media-amazon.com/images/M/MV5BOTA1Mzc2N2ItZWRiNS00MjQzLTlmZDQtMjU0NmY1YWRkMGQ4XkEyXkFqcGc@._V1_SY278_CR0,0,184,278_.jpg",warner bros.,-1,pg-13,"['adventure', 'family', 'fantasy', 'mystery']",130,2011-07-13,d26c1757-c209-4f20-a959-e55e064eb6ef
20,star wars: episode viii - the last jedi,1334407706,2017,rey develops her abilities with the help of luke skywalker as the resistance prepares for battle against the first order.,"https://m.media-amazon.com/images/M/MV5BMjQ1MzcxNjg4N15BMl5BanBnXkFtZTgwNzgwMjY4MzI@._V1_SY278_CR2,0,184,278_.jpg",walt disney studios motion pictures,317000000,pg-13,"['action', 'adventure', 'fantasy', 'sci-fi']",152,2017-12-13,17db5ca9-3af3-482e-8e96-5076f5a45bc9
21,deadpool & wolverine,1327469571,2024,"deadpool is offered a place in the marvel cinematic universe by the time variance authority, but instead recruits a variant of wolverine to save his universe from extinction.","https://m.media-amazon.com/images/M/MV5BZTk5ODY0MmQtMzA3Ni00NGY1LThiYzItZThiNjFiNDM4MTM3XkEyXkFqcGc@._V1_SY278_CR2,0,184,278_.jpg",walt disney studios motion pictures,-1,r,"['action', 'adventure', 'comedy', 'sci-fi']",128,2024-07-18,5a766edd-ed33-42c8-a103-97f407272165
22,jurassic world: fallen kingdom,1310469037,2018,"when the island's dormant volcano begins roaring to life, owen and claire mount a campaign to rescue the remaining dinosaurs from this extinction-level event.","https://m.media-amazon.com/images/M/MV5BNzIxMjYwNDEwN15BMl5BanBnXkFtZTgwMzk5MDI3NTM@._V1_SY278_CR2,0,184,278_.jpg",universal pictures,170000000,pg-13,"['action', 'adventure', 'sci-fi']",128,2018-06-06,32bcea9e-fa91-4290-9947-9bd5d4a10bb1
23,frozen,1306450154,2013,"fearless optimist anna teams up with rugged mountain man kristoff and his loyal reindeer sven in an epic journey to find anna's sister elsa, whose icy powers have trapped the kingdom of arendelle in eternal winter.","https://m.media-amazon.com/images/M/MV5BMTQ1MjQwMTE5OF5BMl5BanBnXkFtZTgwNjk3MTcyMDE@._V1_SY278_CR2,0,184,278_.jpg",walt disney studios motion pictures,150000000,pg,"['adventure', 'animation', 'comedy', 'family', 'fantasy', 'musical']",102,2013-11-22,7bd00957-87cf-4d6f-b84a-daf6f25353b7
24,beauty and the beast,1266115964,2017,"a selfish prince is cursed to become a monster for the rest of his life, unless he learns to fall in love with a beautiful young woman he keeps prisoner.","https://m.media-amazon.com/images/M/MV5BMTUwNjUxMTM4NV5BMl5BanBnXkFtZTgwODExMDQzMTI@._V1_SY278_CR2,0,184,278_.jpg",walt disney studios motion pictures,160000000,pg,"['adventure', 'family', 'fantasy', 'musical', 'romance']",129,2017-03-16,0a2e7f10-942c-48bb-8a41-0e8c729df47d
25,incredibles 2,1243225667,2018,the incredibles family takes on a new mission which involves a change in family roles: bob parr (mr. incredible) must manage the house while his wife helen (elastigirl) goes out to save the world.,"https://m.media-amazon.com/images/M/MV5BMTEzNzY0OTg0NTdeQTJeQWpwZ15BbWU4MDU3OTg3MjUz._V1_SY278_CR2,0,184,278_.jpg",walt disney studios motion pictures,-1,pg,"['action', 'adventure', 'animation', 'comedy', 'family', 'sci-fi']",118,2018-06-14,065967d7-484d-4ee7-83fe-2bef697d0d3c
26,the fate of the furious,1236009236,2017,"when a mysterious woman seduces dominic toretto into the world of terrorism and a betrayal of those closest to him, the crew face trials that will test them as never before.","https://m.media-amazon.com/images/M/MV5BMjMxODI2NDM5Nl5BMl5BanBnXkFtZTgwNjgzOTk1MTI@._V1_SX184_CR0,0,184,278_.jpg",universal pictures,250000000,pg-13,"['action', 'crime', 'thriller']",136,2017-04-12,1a8ac0a5-a047-441b-a043-01c0404215ab
27,iron man 3,1215577205,2013,"when tony stark's world is torn apart by a formidable terrorist called the mandarin, he starts an odyssey of rebuilding and retribution.","https://m.media-amazon.com/images/M/MV5BMjIzMzAzMjQyM15BMl5BanBnXkFtZTcwNzM2NjcyOQ@@._V1_SY278_CR2,0,184,278_.jpg",walt disney studios motion pictures,200000000,pg-13,"['action', 'adventure', 'sci-fi']",130,2013-04-24,c2392cf0-4394-4433-a402-93701ec9a495
28,minions,1159457503,2015,"minions stuart, kevin, and bob are recruited by scarlet overkill, a supervillain who, alongside her inventor husband herb, hatches a plot to take over the world.","https://m.media-amazon.com/images/M/MV5BODI4NzMyNjE0MF5BMl5BanBnXkFtZTgwMTcwNzI0MzE@._V1_SY278_CR2,0,184,278_.jpg",universal pictures,74000000,pg,"['adventure', 'animation', 'comedy', 'crime', 'family', 'sci-fi']",91,2015-04-09,00997660-e856-4ca5-b8dd-4a4a2f1b6e26
29,captain america: civil war,1155046416,2016,political involvement in the avengers' affairs causes a rift between captain america and iron man.,"https://m.media-amazon.com/images/M/MV5BMjQ0MTgyNjAxMV5BMl5BanBnXkFtZTgwNjUzMDkyODE@._V1_SY278_CR2,0,184,278_.jpg",walt disney studios motion pictures,250000000,pg-13,"['action', 'sci-fi']",147,2016-04-27,98008aa6-b3d5-4090-a6b4-709b484f9dcd
30,aquaman,1152028393,2018,"arthur curry, the human-born heir to the underwater kingdom of atlantis, goes on a quest to prevent a war between the worlds of ocean and land.","https://m.media-amazon.com/images/M/MV5BOTk5ODg0OTU5M15BMl5BanBnXkFtZTgwMDQ3MDY3NjM@._V1_SY278_CR2,0,184,278_.jpg",warner bros.,-1,pg-13,"['action', 'adventure', 'fantasy', 'sci-fi']",143,2018-12-07,cfd85b71-a361-4fb6-af66-6447f59e530d
31,the lord of the rings: the return of the king,1138027091,2003,gandalf and aragorn lead the world of men against sauron's army to draw his gaze from frodo and sam as they approach mount doom with the one ring.,"https://m.media-amazon.com/images/M/MV5BMTZkMjBjNWMtZGI5OC00MGU0LTk4ZTItODg2NWM3NTVmNWQ4XkEyXkFqcGc@._V1_SY278_CR2,0,184,278_.jpg",new line cinema,94000000,pg-13,"['action', 'adventure', 'drama', 'fantasy']",201,2003-12-17,b7a40b2f-3f91-441b-aa38-a7aaaf718dd5
32,spider-man: far from home,1132705055,2019,"peter parker, the beloved superhero spider-man, faces four destructive elemental monsters while on holiday in europe. soon, he receives help from mysterio, a fellow hero with mysterious origins.","https://m.media-amazon.com/images/M/MV5BMzNhNTE0NWQtN2E1Ny00NjcwLTg1YTctMGY1NmMwODJmY2NmXkEyXkFqcGc@._V1_SY278_CR1,0,184,278_.jpg",sony pictures releasing,160000000,pg-13,"['action', 'adventure', 'comedy', 'fantasy', 'sci-fi']",129,2019-06-28,080ff28d-61bc-437b-9310-6a2c4eff3abb
33,captain marvel,1131416446,2019,carol danvers becomes one of the universe's most powerful heroes when earth is caught in the middle of a galactic war between two alien races.,"https://m.media-amazon.com/images/M/MV5BZDI1NGU2ODAtNzBiNy00MWY5LWIyMGEtZjUxZjUwZmZiNjBlXkEyXkFqcGc@._V1_SY278_CR2,0,184,278_.jpg",walt disney studios motion pictures,160000000,pg-13,"['action', 'adventure', 'sci-fi']",123,2019-03-06,29feff9a-6a78-4fce-a8b5-6bca65482619
34,transformers: dark of the moon,1123794079,2011,"the autobots learn of a cybertronian spacecraft hidden on the moon, and race against the decepticons to reach it and to learn its secrets.","https://m.media-amazon.com/images/M/MV5BMTkwOTY0MTc1NV5BMl5BanBnXkFtZTcwMDQwNjA2NQ@@._V1_SY278_CR1,0,184,278_.jpg",dreamworks,195000000,pg-13,"['action', 'adventure', 'sci-fi']",154,2011-06-29,82a2bc22-2345-487f-8a7b-f093f0b6950a
35,the dark knight rises,1114975066,2012,"bane, an imposing terrorist, attacks gotham city and disrupts its eight-year-long period of peace. this forces bruce wayne to come out of hiding and don the cape and cowl of batman again.","https://m.media-amazon.com/images/M/MV5BMTk4ODQzNDY3Ml5BMl5BanBnXkFtZTcwODA0NTM4Nw@@._V1_SY278_CR2,0,184,278_.jpg",warner bros.,250000000,pg-13,"['action', 'drama', 'thriller']",164,2012-07-19,337e9bb2-cc3a-4475-bc5f-c54a957bb3dd
36,skyfall,1108594137,2012,"james bond's loyalty to m is tested when her past comes back to haunt her. when mi6 comes under attack, 007 must track down and destroy the threat, no matter how personal the cost.","https://m.media-amazon.com/images/M/MV5BNjAzMWNkODUtM2FlMi00NzgyLWJhMGUtMWEyNDYyZGFiN2RlXkEyXkFqcGc@._V1_SY278_CR2,0,184,278_.jpg",sony pictures releasing,200000000,pg-13,"['action', 'adventure', 'thriller']",143,2012-10-25,ea9836f0-3888-45d0-9397-9d804207209f
37,transformers: age of extinction,1105261713,2014,"when humanity allies with a bounty hunter in pursuit of optimus prime, the autobots turn to a mechanic and his family for help.","https://m.media-amazon.com/images/M/MV5BMjEwNTg1MTA5Nl5BMl5BanBnXkFtZTgwOTg2OTM4MTE@._V1_SX184_CR0,0,184,278_.jpg",paramount pictures,210000000,pg-13,"['action', 'adventure', 'sci-fi']",165,2014-06-25,4e9617d3-5828-4eda-a0f0-25eaeff98c2e
38,jurassic park,1104379926,1993,"an industrialist invites some experts to visit his theme park of cloned dinosaurs. after a power failure, the creatures run loose, putting everyone's lives, including his grandchildren's, in danger.","https://m.media-amazon.com/images/M/MV5BMjM2MDgxMDg0Nl5BMl5BanBnXkFtZTgwNTM2OTM5NDE@._V1_SY278_CR0,0,184,278_.jpg",universal pictures,63000000,pg-13,"['action', 'adventure', 'sci-fi', 'thriller']",127,1993-06-11,079a4b94-1296-4813-bc0c-0dc36518a8bc
39,joker,1078958629,2019,"arthur fleck, a party clown and a failed stand-up comedian, leads an impoverished life with his ailing mother. however, when society shuns him and brands him as a freak, he decides to embrace the life of crime and chaos in gotham city.","https://m.media-amazon.com/images/M/MV5BNzY3OWQ5NDktNWQ2OC00ZjdlLThkMmItMDhhNDk3NTFiZGU4XkEyXkFqcGc@._V1_SY278_CR2,0,184,278_.jpg",warner bros.,55000000,r,"['crime', 'drama', 'thriller']",122,2019-10-02,293905e9-1839-41f6-a911-d2e812e9f2d4
40,star wars: episode ix - the rise of skywalker,1077022372,2019,the surviving resistance faces the first order once again in the conclusion of the skywalker saga.,"https://m.media-amazon.com/images/M/MV5BODg5ZTNmMTUtYThlNy00NjljLWE0MGUtYmQ1NDg4NWU5MjQ1XkEyXkFqcGc@._V1_SY278_CR2,0,184,278_.jpg",walt disney studios motion pictures,275000000,pg-13,"['action', 'adventure', 'fantasy', 'sci-fi']",141,2019-12-18,01737a68-6127-45b2-be0f-098df9f3a9d2
41,toy story 4,1073841394,2019,"when a new toy called ""forky"" joins woody and the gang, a road trip alongside old and new friends reveals how big the world can be for a toy.","https://m.media-amazon.com/images/M/MV5BMTYzMDM4NzkxOV5BMl5BanBnXkFtZTgwNzM1Mzg2NzM@._V1_SY278_CR2,0,184,278_.jpg",walt disney studios motion pictures,200000000,g,"['adventure', 'animation', 'comedy', 'family', 'fantasy']",100,2019-06-20,a7914611-c4f5-4354-9b68-b0abb3a6cdfa
42,toy story 3,1067316101,2010,"the toys are mistakenly delivered to a day-care center instead of the attic right before andy leaves for college, and it's up to woody to convince the other toys that they weren't abandoned and to return home.","https://m.media-amazon.com/images/M/MV5BMTgxOTY4Mjc0MF5BMl5BanBnXkFtZTcwNTA4MDQyMw@@._V1_SY278_CR6,0,184,278_.jpg",walt disney studios motion pictures,200000000,pg,"['adventure', 'animation', 'comedy', 'family', 'fantasy']",103,2010-06-16,5faa013b-8ac2-4625-8f75-4cf4dc5bcb83
43,pirates of the caribbean: dead man's chest,1066179747,2006,"jack sparrow races to recover the heart of davy jones to avoid enslaving his soul to jones' service, as other friends and foes seek the heart for their own agenda as well.","https://m.media-amazon.com/images/M/MV5BMTcwODc1MTMxM15BMl5BanBnXkFtZTYwMDg1NzY3._V1_SY278_CR2,0,184,278_.jpg",walt disney studios motion pictures,225000000,pg-13,"['action', 'adventure', 'fantasy']",151,2006-07-06,9f515f94-ea3b-41d5-b396-0973ce7fe5e0
44,rogue one: a star wars story,1058684742,2016,"in a time of conflict, a group of unlikely heroes band together on a mission to steal the plans to the death star, the empire's ultimate weapon of destruction.","https://m.media-amazon.com/images/M/MV5BMjEwMzMxODIzOV5BMl5BanBnXkFtZTgwNzg3OTAzMDI@._V1_SY278_CR2,0,184,278_.jpg",walt disney studios motion pictures,200000000,pg-13,"['action', 'adventure', 'sci-fi']",133,2016-12-14,3e2fccc1-bac5-4809-851d-4bbd02e18204
45,aladdin,1054304000,2019,"aladdin, a kind thief, woos jasmine, the princess of agrabah, with the help of genie. when jafar, the grand vizier, tries to usurp the king, jasmine, aladdin and genie must stop him from succeeding.","https://m.media-amazon.com/images/M/MV5BMjQ2ODIyMjY4MF5BMl5BanBnXkFtZTgwNzY4ODI2NzM@._V1_SY278_CR2,0,184,278_.jpg",walt disney studios motion pictures,183000000,pg,"['adventure', 'comedy', 'family', 'fantasy', 'musical', 'romance']",128,2019-05-22,7fcf3afb-a554-4be6-9f34-7b5acf23bdd7
46,pirates of the caribbean: on stranger tides,1046721266,2011,"jack sparrow and barbossa embark on a quest to find the elusive fountain of youth, only to discover that blackbeard and his daughter are after it too.","https://m.media-amazon.com/images/M/MV5BMjE5MjkwODI3Nl5BMl5BanBnXkFtZTcwNjcwMDk4NA@@._V1_SY278_CR2,0,184,278_.jpg",walt disney studios motion pictures,250000000,pg-13,"['action', 'adventure', 'fantasy']",137,2011-05-18,d0a411cb-a6a0-491b-a6ee-f804e57f7b1e
47,star wars: episode i - the phantom menace,1046515409,1999,"two jedi escape a hostile blockade to find allies and come across a young boy who may bring balance to the force, but the long dormant sith resurface to claim their original glory.","https://m.media-amazon.com/images/M/MV5BODVhNGIxOGItYWNlMi00YTA0LWI3NTctZmQxZGUwZDEyZWI4XkEyXkFqcGc@._V1_SY278_CR0,0,184,278_.jpg",twentieth century fox,115000000,pg,"['action', 'adventure', 'fantasy', 'sci-fi']",136,1999-05-19,1e74f501-dbb1-4041-a2bb-6fccc2ed01a2
48,despicable me 3,1034800131,2017,"gru meets his long-lost, charming, cheerful, and more successful twin brother dru, who wants to team up with him for one last criminal heist.","https://m.media-amazon.com/images/M/MV5BNjUyNzQ2MTg3Ml5BMl5BanBnXkFtZTgwNzE4NDM3MTI@._V1_SX184_CR0,0,184,278_.jpg",universal pictures,80000000,pg,"['adventure', 'animation', 'comedy', 'crime', 'family', 'sci-fi']",89,2017-06-14,2411c4a4-0091-435c-8b5d-e0381e577e1d
49,finding dory,1029266989,2016,friendly but forgetful blue tang dory begins a search for her long-lost parents and everyone learns a few things about the real meaning of family along the way.,"https://m.media-amazon.com/images/M/MV5BY2VlYWJjMGMtYjcwZC00MDE2LThmMDItYjVlMzNhYzBhYTk5XkEyXkFqcGc@._V1_SY278_CR5,0,184,278_.jpg",walt disney studios motion pictures,-1,pg,"['adventure', 'animation', 'comedy', 'family', 'fantasy']",97,2016-06-15,b4d9e30e-d4cd-4de7-9481-0d82ddd3d323
50,zootopia,1025521689,2016,"in a city of anthropomorphic animals, a rookie bunny cop and a cynical con artist fox must work together to uncover a conspiracy.","https://m.media-amazon.com/images/M/MV5BOTMyMjEyNzIzMV5BMl5BanBnXkFtZTgwNzIyNjU0NzE@._V1_SY278_CR2,0,184,278_.jpg",walt disney studios motion pictures,-1,pg,"['action', 'adventure', 'animation', 'comedy', 'crime', 'family', 'mystery']",108,2016-02-10,df2bedc1-4431-40ea-9353-785e51b5e1cd
51,alice in wonderland,1025468216,2010,"nineteen-year-old alice returns to the magical world from her childhood adventure, where she reunites with her old friends and learns of her true destiny: to end the red queen's reign of terror.","https://m.media-amazon.com/images/M/MV5BMTMwNjAxMTc0Nl5BMl5BanBnXkFtZTcwODc3ODk5Mg@@._V1_SY278_CR2,0,184,278_.jpg",walt disney studios motion pictures,200000000,pg,"['adventure', 'family', 'fantasy', 'mystery']",108,2010-03-03,06fda007-d0c0-4e1c-b4b1-01e74a4413b1
52,harry potter and the sorcerer's stone,1024583854,2001,"an orphaned boy enrolls in a school of wizardry, where he learns the truth about himself, his family and the terrible evil that haunts the magical world.","https://m.media-amazon.com/images/M/MV5BNTU1MzgyMDMtMzBlZS00YzczLThmYWEtMjU3YmFlOWEyMjE1XkEyXkFqcGc@._V1_SY278_CR2,0,184,278_.jpg",warner bros.,125000000,pg,"['adventure', 'family', 'fantasy']",152,2001-11-16,3b682204-2961-462b-b9e8-73bc07b89104
53,the hobbit: an unexpected journey,1017107150,2012,"a reluctant hobbit, bilbo baggins, sets out to the lonely mountain with a spirited group of dwarves to reclaim their mountain home and the gold within it from the dragon smaug.","https://m.media-amazon.com/images/M/MV5BMTcwNTE4MTUxMl5BMl5BanBnXkFtZTcwMDIyODM4OA@@._V1_SY278_CR2,0,184,278_.jpg",warner bros.,-1,pg-13,"['adventure', 'fantasy']",169,2012-12-12,171aaf90-5b32-462e-bf60-7059125392b3
54,the dark knight,1009025610,2008,"when a menace known as the joker wreaks havoc and chaos on the people of gotham, batman, james gordon and harvey dent must work together to put an end to the madness.","https://m.media-amazon.com/images/M/MV5BMTMxNTMwODM0NF5BMl5BanBnXkFtZTcwODAyMTk2Mw@@._V1_SY278_CR2,0,184,278_.jpg",warner bros.,185000000,pg-13,"['action', 'crime', 'drama', 'thriller']",152,2008-07-16,cc4d9157-6411-47dd-bf29-ced691703a8d
55,jurassic world dominion,1001978080,2022,"four years after the destruction of isla nublar, biosyn operatives attempt to track down maisie lockwood, while dr ellie sattler investigates a genetically engineered swarm of giant insects.","https://m.media-amazon.com/images/M/MV5BZGExMWU2NWMtNzczYi00NjQ4LTk2YzctZGZkYmRmMDdhMjllXkEyXkFqcGc@._V1_SY278_CR4,0,184,278_.jpg",universal pictures,-1,pg-13,"['action', 'adventure', 'sci-fi', 'thriller']",147,2022-06-01,a1db0f06-c08e-47ea-9563-441410aa991a
56,the lion king,981708285,1994,"lion prince simba and his father are targeted by his bitter uncle, who wants to ascend the throne himself.","https://m.media-amazon.com/images/M/MV5BZGRiZDZhZjItM2M3ZC00Y2IyLTk3Y2MtMWY5YjliNDFkZTJlXkEyXkFqcGc@._V1_SY278_CR1,0,184,278_.jpg",walt disney studios motion pictures,45000000,g,"['adventure', 'animation', 'drama', 'family', 'fantasy', 'musical']",88,1994-06-15,6cbd5856-4e2e-4f7b-a8aa-bcd1f07459c8
57,oppenheimer,975584123,2023,the story of american scientist,"https://m.media-amazon.com/images/M/MV5BN2JkMDc5MGQtZjg3YS00NmFiLWIyZmQtZTJmNTM5MjVmYTQ4XkEyXkFqcGc@._V1_SY278_CR2,0,184,278_.jpg",universal pictures,-1,r,"['biography', 'drama', 'history']",180,2023-07-19,e4ba134e-0893-4cd9-9162-7abc46840cfd
58,despicable me 2,970766005,2013,"when a new criminal comes to town, the anti-villain league decides to hire gru in order to fight him off. while gru initially refuses, he eventually agrees after his aide goes back to his evil ways.","https://m.media-amazon.com/images/M/MV5BMTQxNzY1MjI5NF5BMl5BanBnXkFtZTcwNTI0MDY1OQ@@._V1_SX184_CR0,0,184,278_.jpg",universal pictures,76000000,pg,"['adventure', 'animation', 'comedy', 'crime', 'family', 'sci-fi']",98,2013-06-20,a8314d3e-5cc4-4f87-931f-6699c4616ac6
59,the jungle book,967724775,2016,"after a threat from the tiger shere khan forces him to flee the jungle, a man-cub named mowgli embarks on a journey of self discovery with the help of panther bagheera and free-spirited bear baloo.","https://m.media-amazon.com/images/M/MV5BMTc3NTUzNTI4MV5BMl5BanBnXkFtZTgwNjU0NjU5NzE@._V1_SY278_CR2,0,184,278_.jpg",walt disney studios motion pictures,175000000,pg,"['action', 'adventure', 'animation', 'drama', 'family', 'fantasy', 'musical']",106,2016-04-07,3d67aee8-b02f-40fc-9550-830f2280350b
60,jumanji: welcome to the jungle,962544585,2017,"four teenagers are sucked into a magical video game, and the only way they can escape is to work together to finish the game.","https://m.media-amazon.com/images/M/MV5BZjI5MzdmODctYjA4NS00ZmMxLWJlOWUtOGVhMjA0OGMxMWYzXkEyXkFqcGc@._V1_SY278_CR2,0,184,278_.jpg",sony pictures releasing,90000000,pg-13,"['action', 'adventure', 'comedy', 'fantasy']",119,2017-12-20,fb363cbc-af84-4192-bb71-dd79b81b01f0
61,the hobbit: the battle of the five armies,962253946,2014,bilbo baggins and company are forced to engage in a war against an array of combatants and keep the lonely mountain from falling into the hands of a rising darkness.,"https://m.media-amazon.com/images/M/MV5BMTYzNDE3OTQ3MF5BMl5BanBnXkFtZTgwODczMTg4MjE@._V1_SY278_CR1,0,184,278_.jpg",warner bros.,-1,pg-13,"['adventure', 'fantasy']",144,2014-12-10,280ba289-ac34-4769-a1a5-ef1337486c04
62,pirates of the caribbean: at world's end,961691209,2007,"will turner, elizabeth swann, hector barbossa, and the crew of the black pearl try and rescue jack from davy jones locker and prepare to fight lord cutler beckett, who controls davy jones and the flying dutchman.","https://m.media-amazon.com/images/M/MV5BMjIyNjkxNzEyMl5BMl5BanBnXkFtZTYwMjc3MDE3._V1_SY278_CR2,0,184,278_.jpg",walt disney studios motion pictures,300000000,pg-13,"['action', 'adventure', 'fantasy']",169,2007-05-22,35f4c539-68b7-488a-9d49-3ab88115b87f
63,harry potter and the deathly hallows: part 1,960897696,2010,"as harry, ron and hermione race against time and evil to destroy the horcruxes, they uncover the existence of the three most powerful objects in the wizarding world: the deathly hallows.","https://m.media-amazon.com/images/M/MV5BMTQ2OTE1Mjk0N15BMl5BanBnXkFtZTcwODE3MDAwNA@@._V1_SY278_CR2,0,184,278_.jpg",warner bros.,-1,pg-13,"['adventure', 'family', 'fantasy', 'mystery']",146,2010-11-17,5347bae5-332e-4c07-8bd1-25dba4890280
64,the hobbit: the desolation of smaug,959079095,2013,"the dwarves, along with bilbo baggins and gandalf the grey, continue their quest to reclaim the lonely mountain, their homeland, from the dragon smaug.","https://m.media-amazon.com/images/M/MV5BMzU0NDY0NDEzNV5BMl5BanBnXkFtZTgwOTIxNDU1MDE@._V1_SY278_CR2,0,184,278_.jpg",warner bros.,-1,pg-13,"['adventure', 'drama', 'fantasy']",161,2013-12-11,63886fdb-dee2-46bd-93b3-446f24862c95
65,doctor strange in the multiverse of madness,955775804,2022,"doctor strange teams up with a mysterious teenage girl who can travel across multiverses, to battle other-universe versions of himself which threaten to wipe out the multiverse. they seek help from the scarlet witch, wong and others.","https://m.media-amazon.com/images/M/MV5BN2YxZGRjMzYtZjE1ZC00MDI0LThjZmQtZTZmMzVmMmQ2NzBmXkEyXkFqcGc@._V1_SY278_CR2,0,184,278_.jpg",walt disney studios motion pictures,-1,pg-13,"['action', 'adventure', 'fantasy', 'sci-fi']",126,2022-05-04,7dc51050-03f9-43ee-8364-d13fca9b6cf8
66,despicable me 4,954117057,2024,"gru, lucy, margo, edith, and agnes welcome a new member to the family, gru jr., who is intent on tormenting his dad. gru faces a new nemesis in maxime le mal and his girlfriend valentina, and the family is forced to go on the run.","https://m.media-amazon.com/images/M/MV5BNzY0ZTlhYzgtOTgzZC00ZTg2LTk4NTEtZDllM2E2NGE5Njg2XkEyXkFqcGc@._V1_SY278_CR0,0,184,278_.jpg",universal pictures,-1,pg,"['adventure', 'animation', 'comedy', 'crime', 'family', 'sci-fi']",94,2024-06-20,b7d43bc9-0ef6-40a3-bda6-57d4c88c007c
67,harry potter and the order of the phoenix,942860217,2007,"with their warning about lord voldemort's return scoffed at, harry and dumbledore are targeted by the wizard authorities as an authoritarian bureaucrat slowly seizes power at hogwarts.","https://m.media-amazon.com/images/M/MV5BYWJmM2M1YzItMjY1Ni00YzRmLTg5YWYtNDFmNTJjNzQ0ODkyXkEyXkFqcGc@._V1_SY278_CR0,0,184,278_.jpg",warner bros.,150000000,pg-13,"['action', 'adventure', 'family', 'fantasy', 'mystery']",138,2007-07-11,6a867ec0-261e-4280-baba-062473d37815
68,finding nemo,941637960,2003,"after his son is captured in the great barrier reef and taken to sydney, a timid clownfish sets out on a journey to bring him home.","https://m.media-amazon.com/images/M/MV5BMTc5NjExNTA5OV5BMl5BanBnXkFtZTYwMTQ0ODY2._V1_SY278_CR2,0,184,278_.jpg",walt disney studios motion pictures,94000000,pg,"['adventure', 'animation', 'comedy', 'family']",100,2003-05-30,060408e2-14da-4c27-9b84-b065bfce23a4
69,harry potter and the half-blood prince,941055851,2009,"as harry potter begins his sixth year at hogwarts, he discovers an old book marked as ""the property of the half-blood prince"" and begins to learn more about lord voldemort's dark past.","https://m.media-amazon.com/images/M/MV5BNzU3NDg4NTAyNV5BMl5BanBnXkFtZTcwOTg2ODg1Mg@@._V1_SX184_CR0,0,184,278_.jpg",warner bros.,250000000,pg,"['action', 'adventure', 'family', 'fantasy', 'mystery']",153,2009-07-15,eb574ccc-f9f9-41b6-9c2a-40563f0c9e46
70,minions: the rise of gru,940203765,2022,the untold story of one twelve-year-old's dream to become the world's greatest supervillain.,"https://m.media-amazon.com/images/M/MV5BZTAzMTkyNmQtNTMzZS00MTM1LWI4YzEtMjVlYjU0ZWI5Y2IzXkEyXkFqcGc@._V1_SY278_CR1,0,184,278_.jpg",universal pictures,-1,pg,"['adventure', 'animation', 'comedy', 'crime', 'family', 'sci-fi']",87,2022-06-23,588b9b3f-933c-42e8-8972-e9c18774f87d
71,the lord of the rings: the two towers,938210343,2002,"while frodo and sam edge closer to mordor with the help of the shifty gollum, the divided fellowship makes a stand against sauron's new ally, saruman, and his hordes of isengard.","https://m.media-amazon.com/images/M/MV5BMGQxMDdiOWUtYjc1Ni00YzM1LWE2NjMtZTg3Y2JkMjEzMTJjXkEyXkFqcGc@._V1_SX184_CR0,0,184,278_.jpg",new line cinema,94000000,pg-13,"['action', 'adventure', 'drama', 'fantasy']",179,2002-12-18,b5d4494b-6419-47fa-bf1f-93a686d78bf3
72,shrek 2,932396745,2004,"shrek and fiona travel to the kingdom of far far away, where fiona's parents are king and queen, to celebrate their marriage. when they arrive, they find they are not as welcome as they thought they would be.","https://m.media-amazon.com/images/M/MV5BMzNmNjQ1NmUtNzhiZS00YWE2LTg4N2ItZTA2ODdmOTMwOTQ1XkEyXkFqcGc@._V1_SY278_CR2,0,184,278_.jpg",dreamworks distribution,150000000,pg,"['adventure', 'animation', 'comedy', 'family', 'fantasy', 'romance']",93,2004-05-19,7f949598-d5f7-40d7-8d89-46d7ab9b2d28
73,bohemian rhapsody,910813521,2018,the story of the legendary british rock band,"https://m.media-amazon.com/images/M/MV5BMTA2NDc3Njg5NDVeQTJeQWpwZ15BbWU4MDc1NDcxNTUz._V1_SY278_CR1,0,184,278_.jpg",twentieth century fox,52000000,pg-13,"['biography', 'drama', 'music']",134,2018-10-26,c94fdcb8-394d-4fc8-b20b-2d920a932548
74,the battle at lake changjin,902548476,2021,"in the fierce battlefield in the midst of the harsh weather conditions, wu qian li and wu wan li, two brothers soldier including the brave chinese soldiers must fight together and find a way to cope with the invasion of us forces.","https://m.media-amazon.com/images/M/MV5BZThjMDUyMDItZTVjZi00MmExLWIwYWUtNDcxNDE3NjFhN2QwXkEyXkFqcGc@._V1_SY278_CR7,0,184,278_.jpg",cmc pictures,-1,pg,"['action', 'drama', 'history', 'war']",176,2021-10-01,794e8bce-cf13-4e78-bd82-9fa2b26a446a
75,harry potter and the goblet of fire,897468952,2005,"harry potter finds himself competing in a hazardous tournament between rival schools of magic, but he is distracted by recurring nightmares.","https://m.media-amazon.com/images/M/MV5BMTI1NDMyMjExOF5BMl5BanBnXkFtZTcwOTc4MjQzMQ@@._V1_SY278_CR2,0,184,278_.jpg",warner bros.,150000000,pg-13,"['adventure', 'family', 'fantasy', 'mystery']",157,2005-11-16,7d4dce65-c812-4d67-9909-58eba64e6e39
76,spider-man 3,891648685,2007,"a strange black entity from another world bonds with peter parker and causes inner turmoil as he contends with new villains, temptations, and revenge.","https://m.media-amazon.com/images/M/MV5BODE2NzNhMDctYjUzMC00Y2M5LWI2Y2EtODJkZTFjN2Y5ODlmXkEyXkFqcGc@._V1_SY278_CR1,0,184,278_.jpg",sony pictures releasing,258000000,pg-13,"['action', 'adventure', 'sci-fi']",139,2007-05-01,28492bbd-dd3a-4fdf-9627-dd427ed43cf1
77,the lord of the rings: the fellowship of the ring,888120042,2001,a meek hobbit from the shire and eight companions set out on a journey to destroy the powerful one ring and save middle-earth from the dark lord sauron.,"https://m.media-amazon.com/images/M/MV5BNzIxMDQ2YTctNDY4MC00ZTRhLTk4ODQtMTVlOWY4NTdiYmMwXkEyXkFqcGc@._V1_SY278_CR1,0,184,278_.jpg",new line cinema,93000000,pg-13,"['action', 'adventure', 'drama', 'fantasy']",178,2001-12-19,2e3d674f-ca10-4408-b623-afb26b7f6fef
78,ice age: dawn of the dinosaurs,886686817,2009,"when sid's attempt to adopt three dinosaur eggs gets him abducted by their real mother to an underground lost world, his friends attempt to rescue him.","https://m.media-amazon.com/images/M/MV5BZWJjZDYwMjgtZDZiMy00YzcyLThjN2YtYjI1ZDQ2ZDJkOTVmXkEyXkFqcGc@._V1_SY278_CR2,0,184,278_.jpg",twentieth century fox,90000000,pg,"['adventure', 'animation', 'comedy', 'family']",94,2009-06-29,a1ca63eb-18b4-4b4f-96e7-f709e54331ef
79,harry potter and the chamber of secrets,882545232,2002,"harry potter lives his second year at hogwarts with ron and hermione when a message on the wall announces that the legendary chamber of secrets has been opened. the trio soon realize that, to save the school, it will take a lot of courage.","https://m.media-amazon.com/images/M/MV5BNGJhM2M2MWYtZjIzMC00MDZmLThkY2EtOWViMDhhYjRhMzk4XkEyXkFqcGc@._V1_SY278_CR4,0,184,278_.jpg",warner bros.,100000000,pg,"['adventure', 'family', 'fantasy', 'mystery']",161,2002-11-14,03c99123-d6d2-45b3-992c-bbc8fa7dbb50
80,spider-man: homecoming,880944210,2017,peter parker tries to stop adrian 'the vulture' toomes from selling weapons made with advanced chitauri technology while trying to balance his life as an ordinary high school student.,"https://m.media-amazon.com/images/M/MV5BODY2MTAzOTQ4M15BMl5BanBnXkFtZTgwNzg5MTE0MjI@._V1_SY278_CR2,0,184,278_.jpg",sony pictures releasing,175000000,pg-13,"['action', 'adventure', 'sci-fi']",133,2017-07-05,edbcef30-9f18-410b-b2a3-94089a5f221b
81,spectre,880707597,2015,"a cryptic message from james bond's past sends him on a trail to uncover the existence of a sinister organisation named spectre. with a new threat dawning, bond learns the terrible truth about the author of all his pain in his most recent missions.","https://m.media-amazon.com/images/M/MV5BMzA5MzFiNDAtYTI0NC00MDE5LTljYTctYTNkODk1OTZlODI5XkEyXkFqcGc@._V1_SY278_CR2,0,184,278_.jpg",sony pictures releasing,245000000,pg-13,"['action', 'adventure', 'thriller']",148,2015-10-26,01189c1a-ed9c-41f1-bf59-4b059bfd560f
82,ice age: continental drift,877244782,2012,"manny, diego, and sid embark upon another adventure after their continent is set adrift. using an iceberg as a ship, they encounter sea creatures and battle pirates as they explore a new world.","https://m.media-amazon.com/images/M/MV5BMTM3NDM5MzY5Ml5BMl5BanBnXkFtZTcwNjExMDUwOA@@._V1_SY278_CR2,0,184,278_.jpg",twentieth century fox,95000000,pg,"['adventure', 'animation', 'comedy', 'family']",88,2012-06-27,a7bae3bd-372d-4a60-bd37-ce3d2110c409
83,the secret life of pets,875698161,2016,"the quiet life of a terrier named max is upended when his owner takes in duke, a stray whom max instantly dislikes.","https://m.media-amazon.com/images/M/MV5BMjIzMzA1OTkzNV5BMl5BanBnXkFtZTgwODE3MjM4NzE@._V1_SX184_CR0,0,184,278_.jpg",universal pictures,75000000,pg,"['adventure', 'animation', 'comedy', 'family']",86,2016-06-24,a4a12f29-8d31-4420-b938-ac57f72a8bbe
84,batman v superman: dawn of justice,874362803,2016,batman is manipulated by lex luthor to fear superman. superman´s existence is meanwhile dividing the world and he is framed for murder during an international crisis. the heroes clash and force the neutral wonder woman to reemerge.,"https://m.media-amazon.com/images/M/MV5BZTJkYjdmYjYtOGMyNC00ZGU1LThkY2ItYTc1OTVlMmE2YWY1XkEyXkFqcGc@._V1_SY278_CR2,0,184,278_.jpg",warner bros.,250000000,pg-13,"['action', 'adventure', 'sci-fi']",151,2016-03-23,34d47a90-80f3-40d6-b36f-e6ca8f23da17
85,wolf warrior 2,870325439,2017,"china's deadliest special forces operative settles into a quiet life on the sea. when sadistic mercenaries begin targeting nearby civilians, he must leave his newfound peace behind and return to his duties as a soldier and protector.","https://m.media-amazon.com/images/M/MV5BMTY0NjU4NjE4Nl5BMl5BanBnXkFtZTgwNjk0ODY5MjI@._V1_SY278_CR2,0,184,278_.jpg",the h collective,30100000,pg,"['action', 'adventure', 'drama', 'thriller', 'war']",123,2017-07-27,44b87bf4-8853-4529-9e37-24d86ee8b58e
86,the hunger games: catching fire,865011746,2013,katniss everdeen and peeta mellark become targets of the capitol after their victory in the 74th hunger games sparks a rebellion in the districts of panem.,"https://m.media-amazon.com/images/M/MV5BMTAyMjQ3OTAxMzNeQTJeQWpwZ15BbWU4MDU0NzA1MzAx._V1_SY278_CR2,0,184,278_.jpg",lionsgate films,130000000,pg-13,"['action', 'adventure', 'sci-fi', 'thriller']",146,2013-11-15,a376f61e-9b1c-4b32-a134-0a2604ef3aff
87,guardians of the galaxy vol. 2,863756903,2017,"the guardians struggle to keep together as a team while dealing with their personal family issues, notably star-lord's encounter with his father, the ambitious celestial being ego.","https://m.media-amazon.com/images/M/MV5BNWE5MGI3MDctMmU5Ni00YzI2LWEzMTQtZGIyZDA5MzQzNDBhXkEyXkFqcGc@._V1_SY278_CR1,0,184,278_.jpg",walt disney studios motion pictures,200000000,pg-13,"['action', 'adventure', 'comedy', 'sci-fi']",136,2017-04-25,d05d7968-f557-40fa-b91c-74f49f72fcda
88,black panther: wakanda forever,859208836,2022,the people of wakanda fight to protect their home from intervening world powers as they mourn the death of king t'challa.,"https://m.media-amazon.com/images/M/MV5BYWY5NDY1ZjItZDQxMy00MTAzLTgyOGQtNTQxYjFiMzZjMjUyXkEyXkFqcGc@._V1_SY278_CR2,0,184,278_.jpg",walt disney studios motion pictures,-1,pg-13,"['action', 'adventure', 'drama', 'sci-fi']",161,2022-11-04,b85c2dc5-5bc0-4dc1-b92d-68182e8f73c4
89,inside out,859076254,2015,"after young riley is uprooted from her midwest life and moved to san francisco, her emotions - joy, fear, anger, disgust and sadness - conflict on how best to navigate a new city, house, and school.","https://m.media-amazon.com/images/M/MV5BOTgxMDQwMDk0OF5BMl5BanBnXkFtZTgwNjU5OTg2NDE@._V1_SY278_CR2,0,184,278_.jpg",walt disney studios motion pictures,175000000,pg,"['adventure', 'animation', 'comedy', 'drama', 'family', 'fantasy']",95,2015-06-10,f4c4b2cc-3be3-4f5f-9e64-b3bd5343f0a4
90,venom,856085161,2018,"a failed reporter is bonded to an alien entity, one of many symbiotes who have invaded earth. but the being takes a liking to earth and decides to protect it.","https://m.media-amazon.com/images/M/MV5BNTYwMDg5MDItNjhmZi00NmVmLThjNWItMmNkMjVkMWRhNzI2XkEyXkFqcGc@._V1_SY278_CR2,0,184,278_.jpg",sony pictures releasing,100000000,pg-13,"['action', 'adventure', 'sci-fi']",112,2018-10-03,49851251-643f-41f5-bcdb-07e7e818b695
91,thor: ragnarok,855301806,2017,"imprisoned on the planet sakaar, thor must race against time to return to asgard and stop ragnarök, the destruction of his world, at the hands of the powerful and ruthless villain hela.","https://m.media-amazon.com/images/M/MV5BMjMyNDkzMzI1OF5BMl5BanBnXkFtZTgwODcxODg5MjI@._V1_SY278_CR2,0,184,278_.jpg",walt disney studios motion pictures,180000000,pg-13,"['action', 'adventure', 'comedy', 'fantasy', 'sci-fi']",130,2017-10-24,28cc3351-634b-4635-b92c-75c9554f041c
92,star wars: episode iii - revenge of the sith,850035635,2005,"three years into the clone wars, obi-wan kenobi pursues a new threat, while anakin skywalker is lured by chancellor palpatine into a sinister plot to rule the galaxy.","https://m.media-amazon.com/images/M/MV5BNTc4MTc3NTQ5OF5BMl5BanBnXkFtZTcwOTg0NjI4NA@@._V1_SY278_CR12,0,184,278_.jpg",twentieth century fox,113000000,pg-13,"['action', 'adventure', 'fantasy', 'sci-fi']",140,2005-05-18,7e6251fb-ba46-48ac-8f0e-1a8058f982a4
93,the twilight saga: breaking dawn - part 2,848593948,2012,"after the birth of renesmee/nessie, the cullens gather other vampire clans in order to protect the child from a false allegation that puts the family in front of the volturi.","https://m.media-amazon.com/images/M/MV5BMTcyMzUyMzY1OF5BMl5BanBnXkFtZTcwNDQ4ODk1OA@@._V1_SY278_CR2,0,184,278_.jpg",lionsgate films,120000000,pg-13,"['adventure', 'drama', 'fantasy', 'romance']",115,2012-11-14,3a742a09-3083-4acb-9d8a-d74314df074c
94,guardians of the galaxy vol. 3,845555777,2023,"still reeling from the loss of gamora, peter quill rallies his team to defend the universe and one of their own - a mission that could mean the end of the guardians if not successful.","https://m.media-amazon.com/images/M/MV5BOTJhOTMxMmItZmE0Ny00MDc3LWEzOGEtOGFkMzY4MWYyZDQ0XkEyXkFqcGc@._V1_SY278_CR2,0,184,278_.jpg",walt disney studios motion pictures,-1,pg-13,"['action', 'adventure', 'comedy', 'sci-fi']",150,2023-04-13,2b143c82-c376-4b21-a84a-e80f7b25d5e9
95,inception,839030630,2010,"a thief who steals corporate secrets through the use of dream-sharing technology is given the inverse task of planting an idea into the mind of a c.e.o., but his tragic past may doom the project and his team to disaster.","https://m.media-amazon.com/images/M/MV5BMjAxMzY3NjcxNF5BMl5BanBnXkFtZTcwNTI5OTM0Mw@@._V1_SY278_CR2,0,184,278_.jpg",warner bros.,160000000,pg-13,"['action', 'adventure', 'sci-fi', 'thriller']",148,2010-07-15,4482f8af-7ff9-4999-9144-8cf47774007f
96,transformers: revenge of the fallen,836303693,2009,"sam witwicky leaves the autobots behind for a normal life. but when his mind is filled with cryptic symbols, the decepticons target him and he is dragged back into the transformers' war.","https://m.media-amazon.com/images/M/MV5BNjk4OTczOTk0NF5BMl5BanBnXkFtZTcwNjQ0NzMzMw@@._V1_SY278_CR2,0,184,278_.jpg",dreamworks,200000000,pg-13,"['action', 'adventure', 'sci-fi']",149,2009-06-19,2668f765-d6dc-476c-8af2-ce2f1e0035c1
97,spider-man,825802095,2002,"after being bitten by a genetically-modified spider, a shy teenager gains spider-like abilities that he uses to fight injustice as a masked superhero and face a vengeful enemy.","https://m.media-amazon.com/images/M/MV5BZWM0OWVmNTEtNWVkOS00MzgyLTkyMzgtMmE2ZTZiNjY4MmFiXkEyXkFqcGc@._V1_SY278_CR2,0,184,278_.jpg",sony pictures releasing,139000000,pg-13,"['action', 'adventure', 'sci-fi']",121,2002-05-03,b330cebb-f84d-4e16-9dad-eaabda3ab3f8
98,wonder woman,823970682,2017,"when a pilot crashes and tells of conflict in the outside world, diana, an amazonian warrior in training, leaves home to fight a war, discovering her full powers and true destiny.","https://m.media-amazon.com/images/M/MV5BMjEzYmZkNjktODBmYi00NzNkLWIzMjItMjhkMWZiZTZlN2MwXkEyXkFqcGc@._V1_SY278_CR2,0,184,278_.jpg",warner bros.,149000000,pg-13,"['action', 'adventure', 'fantasy', 'sci-fi', 'war']",141,2017-05-30,c8e596d8-1b0f-4ec3-8fae-a5480ef3fa64
99,"hi, mom",822009764,2021,a woman travels back in time to befriend her own mother in an attempt to make her life better.,"https://m.media-amazon.com/images/M/MV5BNTcxYmM2OTktOGE2MS00Y2M5LWE5OWMtMmM2M2Y4ODViMTM0XkEyXkFqcGc@._V1_SY278_CR5,0,184,278_.jpg",,-1,pg,"['comedy', 'drama', 'fantasy']",128,2021-02-12,e89e532c-9dee-427f-9fb9-2b0c8ed252d4
100,independence day,817400891,1996,"the aliens are coming and their goal is to invade and destroy earth. fighting superior technology, mankind's best weapon is the will to survive.","https://m.media-amazon.com/images/M/MV5BOGMwN2UwZjEtYjFjMi00ZDA1LWJlYTQtMjA1MTYxMzIyNTdiXkEyXkFqcGc@._V1_SY278_CR0,0,184,278_.jpg",twentieth century fox,75000000,pg-13,"['action', 'adventure', 'sci-fi']",145,1996-07-03,b65cf021-4d20-46d8-be45-08fe3fd9249b
101,fantastic beasts and where to find them,816037575,2016,"in 1926, magizoologist newt scamander arrives in new york during his worldwide tour to research and rescue magical creatures as something mysterious leaves trails of destruction in the city, threatening to expose the wizarding world.","https://m.media-amazon.com/images/M/MV5BMjMxOTM1OTI4MV5BMl5BanBnXkFtZTgwODE5OTYxMDI@._V1_SY278_CR2,0,184,278_.jpg",warner bros.,180000000,pg-13,"['adventure', 'family', 'fantasy']",132,2016-11-16,8e68c284-715a-4b07-84b3-34e4091d359a
102,coco,814641172,2017,"aspiring musician miguel, confronted with his family's ancestral ban on music, enters the land of the dead to find his great-great-grandfather, a legendary singer.","https://m.media-amazon.com/images/M/MV5BMDIyM2E2NTAtMzlhNy00ZGUxLWI1NjgtZDY5MzhiMDc5NGU3XkEyXkFqcGc@._V1_SY278_CR5,0,184,278_.jpg",walt disney studios motion pictures,-1,pg,"['adventure', 'animation', 'drama', 'family', 'fantasy', 'music', 'mystery']",105,2017-10-27,576d261b-42f6-4e03-92e5-4822be587949
103,shrek the third,813367380,2007,"reluctantly designated as the heir to the land of far, far away, shrek hatches a plan to install the rebellious artie as the new king while princess fiona tries to fend off a coup d'état by the jilted prince charming.","https://m.media-amazon.com/images/M/MV5BOTgyMjc3ODk2MV5BMl5BanBnXkFtZTcwMjY0MjEzMw@@._V1_SY278_CR2,0,184,278_.jpg",dreamworks,160000000,pg,"['adventure', 'animation', 'comedy', 'family', 'fantasy', 'romance']",93,2007-05-17,22bf5232-921f-4a25-a1ff-508e1292c60b
104,harry potter and the prisoner of azkaban,808485294,2004,"harry potter, ron and hermione return to hogwarts school of witchcraft and wizardry for their third year of study, where they delve into the mystery surrounding an escaped prisoner who poses a dangerous threat to the young wizard.","https://m.media-amazon.com/images/M/MV5BMTY4NTIwODg0N15BMl5BanBnXkFtZTcwOTc0MjEzMw@@._V1_SY278_CR2,0,184,278_.jpg",warner bros.,130000000,pg,"['adventure', 'family', 'fantasy', 'mystery']",142,2004-06-02,4afe49fc-b461-4bb8-863c-7da207380566
105,jumanji: the next level,801693929,2019,"in jumanji: the next level, the gang is back but the game has changed. as they return to rescue one of their own, the players will have to brave parts unknown from arid deserts to snowy mountains, to escape the world's most dangerous game.","https://m.media-amazon.com/images/M/MV5BYWFjODExZWEtYzIwYS00M2YwLTk4YTktNDQ5ZmVmOThiNmI1XkEyXkFqcGc@._V1_SY278_CR2,0,184,278_.jpg",sony pictures releasing,125000000,pg-13,"['action', 'adventure', 'comedy', 'fantasy']",123,2019-12-04,c8dfa6fb-2c26-453e-944b-fbf035992a9e
106,e.t. the extra-terrestrial,797307407,1982,a troubled child summons the courage to help a friendly alien escape from earth and return to his home planet.,"https://m.media-amazon.com/images/M/MV5BYTNhNmY0YWMtMTczYi00MTA0LThhMmUtMTIxYzE0Y2QwMzRlXkEyXkFqcGc@._V1_SX184_CR0,0,184,278_.jpg",universal pictures,10500000,pg,"['adventure', 'family', 'sci-fi']",115,1982-06-11,46b5eeb9-f952-44f5-a1fa-15930bcea6cd
107,pirates of the caribbean: dead men tell no tales,795922298,2017,captain jack sparrow searches for the trident of poseidon to rule the sea while being pursued by old rival captain salazar and a crew of deadly ghosts who have escaped from the devil's triangle.,"https://m.media-amazon.com/images/M/MV5BMTYyMTcxNzc5M15BMl5BanBnXkFtZTgwOTg2ODE2MTI@._V1_SY278_CR2,0,184,278_.jpg",walt disney studios motion pictures,230000000,pg-13,"['action', 'adventure', 'fantasy']",129,2017-05-24,176017a3-cfe7-4bf3-a9fb-2c55ab95dceb
108,mission: impossible - fallout,791658205,2018,"a group of terrorists plans to detonate three plutonium cores for a simultaneous nuclear attack on different cities. ethan hunt, along with his imf team, sets out to stop the carnage.","https://m.media-amazon.com/images/M/MV5BMTk3NDY5MTU0NV5BMl5BanBnXkFtZTgwNDI3MDE1NTM@._V1_SY278_CR2,0,184,278_.jpg",paramount pictures,178000000,pg-13,"['action', 'adventure', 'thriller']",147,2018-07-25,e4de65e0-a8f1-464d-a0fa-44112e75646c
109,2012,791217826,2009,a frustrated writer struggles to keep his family alive when a series of global catastrophes threatens to annihilate mankind.,"https://m.media-amazon.com/images/M/MV5BMTY0MjEyODQzMF5BMl5BanBnXkFtZTcwMTczMjQ4Mg@@._V1_SY278_CR1,0,184,278_.jpg",sony pictures releasing,200000000,pg-13,"['action', 'adventure', 'sci-fi']",158,2009-11-11,62f87c00-bd57-4d38-92ce-87e3d30bbe58
110,fast & furious 6,788683342,2013,"hobbs has dominic and brian reassemble their crew to take down a team of mercenaries, but dominic unexpectedly gets sidetracked with facing his presumed deceased girlfriend, letty.","https://m.media-amazon.com/images/M/MV5BMTM3NTg2NDQzOF5BMl5BanBnXkFtZTcwNjc2NzQzOQ@@._V1_SY278_CR2,0,184,278_.jpg",universal pictures,160000000,pg-13,"['action', 'crime', 'thriller']",130,2013-05-17,ff5cd0ec-0f05-439f-812f-be09807da072
111,indiana jones and the kingdom of the crystal skull,786636033,2008,"set in 1957, it pits indiana jones against soviet kgb agents led by irina spalko searching for a telepathic crystal skull located in peru.","https://m.media-amazon.com/images/M/MV5BYTFiMDk2NzItZDU5Ni00ZjBjLTkzYWQtYzcwZDIwMWZjMmZiXkEyXkFqcGc@._V1_SY278_CR2,0,184,278_.jpg",paramount pictures,185000000,pg-13,"['action', 'adventure']",122,2008-05-21,a80b7cf9-6508-4f27-9cae-bab88cce17f6
112,deadpool 2,785896632,2018,"foul-mouthed mutant mercenary wade wilson (a.k.a. deadpool) assembles a team of fellow mutant rogues to protect a young boy with abilities from the brutal, time-traveling cyborg cable.","https://m.media-amazon.com/images/M/MV5BNGY3N2ZhYmMtYTlmYi00ZWIzLWJiZWMtMjgxMjljYTk3MDAwXkEyXkFqcGc@._V1_SY278_CR2,0,184,278_.jpg",twentieth century fox,110000000,r,"['action', 'adventure', 'comedy', 'sci-fi']",119,2018-05-16,a591aa5a-db80-4410-befb-c6c768809305
113,spider-man 2,784543400,2004,peter parker is beset with troubles in his failing personal life as he battles a former brilliant scientist named otto octavius.,"https://m.media-amazon.com/images/M/MV5BNGQ0YTQyYTgtNWI2YS00NTE2LWJmNDItNTFlMTUwNmFlZTM0XkEyXkFqcGc@._V1_SY278_CR9,0,184,278_.jpg",sony pictures releasing,200000000,pg-13,"['action', 'adventure', 'sci-fi']",127,2004-06-30,d0bbbaff-f189-4821-9190-776ee0f13474
114,deadpool,782837347,2016,"a wisecracking mercenary gets experimented on and becomes immortal yet hideously scarred, and sets out to track down the man who ruined his looks.","https://m.media-amazon.com/images/M/MV5BNzY3ZWU5NGQtOTViNC00ZWVmLTliNjAtNzViNzlkZWQ4YzQ4XkEyXkFqcGc@._V1_SY278_CR0,0,184,278_.jpg",twentieth century fox,58000000,r,"['action', 'comedy']",108,2016-02-09,78d28ec7-3421-4fe4-8e95-15bdfa709c81
115,star wars: episode iv - a new hope,775398507,1977,"luke skywalker joins forces with a jedi knight, a cocky pilot, a wookiee and two droids to save the galaxy from the empire's world-destroying battle station, while also attempting to rescue princess leia from the mysterious darth vader.","https://m.media-amazon.com/images/M/MV5BOGUwMDk0Y2MtNjBlNi00NmRiLTk2MWYtMGMyMDlhYmI4ZDBjXkEyXkFqcGc@._V1_SX184_CR0,0,184,278_.jpg",twentieth century fox,11000000,pg,"['action', 'adventure', 'fantasy', 'sci-fi']",121,1977-05-25,ca61c626-e908-40b7-b6ec-fbfb5a9f5ff1
116,no time to die,774153007,2021,"james bond has left active service. his peace is short-lived when felix leiter, an old friend from the cia, turns up asking for help, leading bond onto the trail of a mysterious villain armed with dangerous new technology.","https://m.media-amazon.com/images/M/MV5BZGZiOGZhZDQtZmRkNy00ZmUzLTliMGEtZGU0NjExOGMxZDVkXkEyXkFqcGc@._V1_SY278_CR2,0,184,278_.jpg",metro-goldwyn-mayer (mgm),-1,pg-13,"['action', 'adventure', 'thriller']",163,2021-09-29,8e36e9c4-dea1-4487-a9f8-04c1b40f144d
117,guardians of the galaxy,773350376,2014,a group of intergalactic criminals must pull together to stop a fanatical warrior with plans to purge the universe.,"https://m.media-amazon.com/images/M/MV5BM2ZmNjQ2MzAtNDlhNi00MmQyLWJhZDMtNmJiMjFlOWY4MzcxXkEyXkFqcGc@._V1_SY278_CR2,0,184,278_.jpg",walt disney studios motion pictures,170000000,pg-13,"['action', 'adventure', 'comedy', 'sci-fi']",121,2014-07-30,83d843e6-d44f-4eaa-86aa-8bc6591a5b4d
118,gravity,773031617,2013,"dr ryan stone, an engineer on her first time on a space mission, and matt kowalski, an astronaut on his final expedition, have to survive in space after they are hit by debris while spacewalking.","https://m.media-amazon.com/images/M/MV5BNjE5MzYwMzYxMF5BMl5BanBnXkFtZTcwOTk4MTk0OQ@@._V1_SY278_CR2,0,184,278_.jpg",warner bros.,100000000,pg-13,"['drama', 'sci-fi', 'thriller']",91,2013-10-03,5b2ebc0d-bf28-4617-a94e-d22a139908bc
119,the batman,772272279,2022,"when a sadistic serial killer begins murdering key political figures in gotham, the batman is forced to investigate the city's hidden corruption and question his family's involvement.","https://m.media-amazon.com/images/M/MV5BMmU5NGJlMzAtMGNmOC00YjJjLTgyMzUtNjAyYmE4Njg5YWMyXkEyXkFqcGc@._V1_SY278_CR2,0,184,278_.jpg",warner bros.,-1,pg-13,"['action', 'crime', 'drama', 'mystery', 'thriller']",176,2022-03-01,f2318f4e-b7b3-4879-894b-af0af3391d2f
120,thor: love and thunder,760928081,2022,"thor enlists the help of valkyrie, korg and ex-girlfriend jane foster to fight gorr the god butcher, who intends to make the gods extinct.","https://m.media-amazon.com/images/M/MV5BZjRiMDhiZjQtNjk5Yi00ZDcwLTkyYTEtMDc1NjdmNjFhNGIzXkEyXkFqcGc@._V1_SY278_CR2,0,184,278_.jpg",walt disney studios motion pictures,-1,pg-13,"['action', 'adventure', 'comedy', 'fantasy', 'romance', 'sci-fi']",118,2022-07-06,c48be0e4-883d-48e4-a9f8-2a4adb26c56c
121,fast & furious presents: hobbs & shaw,760732926,2019,lawman luke hobbs and outcast deckard shaw form an unlikely alliance when a cyber-genetically enhanced villain threatens the future of humanity.,"https://m.media-amazon.com/images/M/MV5BNmU4OTA5NGYtMTFjMS00MzgxLWFjNTMtYjdlMThlYzc4M2M4XkEyXkFqcGc@._V1_SY278_CR3,0,184,278_.jpg",universal pictures,200000000,pg,"['action', 'adventure', 'thriller']",137,2019-07-01,af2d01f6-4c4c-4596-97e1-dec6c8335934
122,the da vinci code,760006945,2006,"a murder inside the louvre, and clues in da vinci paintings, lead to the discovery of a religious mystery protected by a secret society for two thousand years, which could shake the foundations of christianity.","https://m.media-amazon.com/images/M/MV5BMjIxMjQyMTc3Nl5BMl5BanBnXkFtZTcwMTA1MDUzMw@@._V1_SY278_CR1,0,184,278_.jpg",sony pictures releasing,125000000,pg-13,"['mystery', 'thriller']",149,2006-05-17,38bc53c0-4b84-4293-9daa-fcb3a0b4bb97
123,maleficent,759853685,2014,"a vengeful fairy is driven to curse an infant princess, only to discover that the child could be the one person who can restore peace to their troubled land.","https://m.media-amazon.com/images/M/MV5BMjAwMzAzMzExOF5BMl5BanBnXkFtZTgwOTcwMDA5MTE@._V1_SY278_CR2,0,184,278_.jpg",walt disney studios motion pictures,180000000,pg,"['action', 'adventure', 'drama', 'family', 'fantasy', 'romance']",97,2014-05-28,05628b9b-ee1f-4a1e-b568-901a813bf044
124,the hunger games: mockingjay - part 1,759159711,2014,"katniss everdeen is in district 13 after she shatters the games forever. under the leadership of president coin and the advice of her trusted friends, katniss spreads her wings as she fights to save peeta and a nation moved by her courage.","https://m.media-amazon.com/images/M/MV5BMTcxNDI2NDAzNl5BMl5BanBnXkFtZTgwODM3MTc2MjE@._V1_SX184_CR0,0,184,278_.jpg",lionsgate films,125000000,pg-13,"['action', 'adventure', 'sci-fi', 'thriller']",123,2014-11-19,2fd4a735-010a-4958-b79f-f32a38f11761
125,the amazing spider-man,758707722,2012,"after peter parker is bitten by a genetically altered spider, he gains newfound, spider-like powers and ventures out to save the city from the machinations of a mysterious reptilian foe.","https://m.media-amazon.com/images/M/MV5BMjMyOTM4MDMxNV5BMl5BanBnXkFtZTcwNjIyNzExOA@@._V1_SY278_CR1,0,184,278_.jpg",sony pictures releasing,230000000,pg-13,"['action', 'adventure', 'sci-fi']",136,2012-06-28,b09b6d4d-7868-4c4f-afee-589a547ad461
126,shrek forever after,752600867,2010,rumpelstiltskin tricks a mid-life crisis burdened shrek into allowing himself to be erased from existence and cast in a dark alternate timeline where rumpelstiltskin rules supreme.,"https://m.media-amazon.com/images/M/MV5BMTY0OTU1NzkxMl5BMl5BanBnXkFtZTcwMzI2NDUzMw@@._V1_SY278_CR2,0,184,278_.jpg",dreamworks,165000000,pg,"['adventure', 'animation', 'comedy', 'family', 'fantasy', 'romance']",93,2010-05-20,43bf3dde-6ff0-4f1b-a0c5-ef14cc0886c3
127,suicide squad,749200054,2016,a secret government agency recruits some of the most dangerous incarcerated super-villains to form a defensive task force. their first mission: save the world from the apocalypse.,"https://m.media-amazon.com/images/M/MV5BMjM1OTMxNzUyM15BMl5BanBnXkFtZTgwNjYzMTIzOTE@._V1_SY278_CR2,0,184,278_.jpg",warner bros.,175000000,pg-13,"['action', 'adventure', 'fantasy', 'sci-fi']",123,2016-08-03,21978e9a-18af-43fb-99fb-819efa873d03
128,madagascar 3: europe's most wanted,746921274,2012,"the madagascar animals join a struggling european circus to get back to new york, but find themselves being pursued by a psychotic animal-control officer.","https://m.media-amazon.com/images/M/MV5BYTM5OWRiZTAtOTNkMS00NzNhLTkwYmYtMWI1MzkyMjE3MWE1XkEyXkFqcGc@._V1_SY278_CR2,0,184,278_.jpg",dreamworks,145000000,pg,"['adventure', 'animation', 'comedy', 'family']",95,2012-06-06,2831b700-57eb-4001-acec-9e2782e25a8c
129,x-men: days of future past,746045700,2014,the x-men send wolverine to the past in a desperate effort to change history and prevent an event that results in doom for both humans and mutants.,"https://m.media-amazon.com/images/M/MV5BNzNiYWE4NjMtMTU4OS00NmM4LWE4ZjAtYmE5OTA5NjkzODExXkEyXkFqcGc@._V1_SY278_CR2,0,184,278_.jpg",twentieth century fox,200000000,pg-13,"['action', 'adventure', 'sci-fi', 'thriller']",132,2014-05-21,60cc7d70-f70a-4230-808d-4c0af5bc5396
130,"the chronicles of narnia: the lion, the witch and the wardrobe",745013115,2005,"while playing, lucy and her siblings find a wardrobe that lands them in a mystical place called narnia. here they realize that it was fated and they must now unite with aslan to defeat an evil queen.","https://m.media-amazon.com/images/M/MV5BMTc0NTUwMTU5OV5BMl5BanBnXkFtZTcwNjAwNzQzMw@@._V1_SY278_CR2,0,184,278_.jpg",walt disney studios motion pictures,180000000,pg,"['adventure', 'family', 'fantasy']",143,2005-12-07,925484cc-7c78-453d-963c-ab1701282b3e
131,monsters university,743559645,2013,"a look at the relationship between mike wazowski and james p. ""sully"" sullivan during their days at monsters university, when they weren't necessarily the best of friends.","https://m.media-amazon.com/images/M/MV5BMTUyODgwMDU3M15BMl5BanBnXkFtZTcwOTM4MjcxOQ@@._V1_SY278_CR2,0,184,278_.jpg",walt disney studios motion pictures,-1,g,"['adventure', 'animation', 'comedy', 'family', 'fantasy']",104,2013-06-19,2c916f07-2c40-4e14-9941-6eb7080e5460
132,the matrix reloaded,741847937,2003,"freedom fighters neo, trinity and morpheus continue to lead the revolt against the machine army, unleashing their arsenal of extraordinary skills and weaponry against the systematic forces of repression and exploitation.","https://m.media-amazon.com/images/M/MV5BNjAxYjkxNjktYTU0YS00NjFhLWIyMDEtMzEzMTJjMzRkMzQ1XkEyXkFqcGc@._V1_SY278_CR0,0,184,278_.jpg",warner bros.,150000000,r,"['action', 'sci-fi']",138,2003-05-15,04a04024-5d5c-4376-91bb-b7a20608f0a2
133,up,735102136,2009,"78-year-old carl fredricksen travels to south america in his house equipped with balloons, inadvertently taking a young stowaway.","https://m.media-amazon.com/images/M/MV5BNmI1ZTc5MWMtMDYyOS00ZDc2LTkzOTAtNjQ4NWIxNjYyNDgzXkEyXkFqcGc@._V1_SY278_CR1,0,184,278_.jpg",walt disney studios motion pictures,175000000,pg,"['adventure', 'animation', 'comedy', 'drama', 'family']",96,2009-05-28,c0d342bd-1297-4e51-af24-d6bdeb17b274
134,ne zha,726264074,2019,"born with unique powers, a boy is recruited to fight demons and save the community that fears him.","https://m.media-amazon.com/images/M/MV5BYmRlODVlZDAtNzcxOC00N2U2LWE4MmQtZTYzZjg3Yjg1MzUxXkEyXkFqcGc@._V1_SY278_CR7,0,184,278_.jpg",well go usa entertainment,-1,pg,"['action', 'adventure', 'animation', 'family', 'fantasy', 'thriller']",110,2019-07-26,aa7f5b89-90ca-48eb-9769-8194db20a81f
135,f9: the fast saga,726229501,2021,dom and the crew must take on an international terrorist who turns out to be dom and mia's estranged brother.,"https://m.media-amazon.com/images/M/MV5BODJkMTQ5ZmQtNzQxYy00ZWNlLWI0ZGYtYjU1NzdiMjcyNDRmXkEyXkFqcGc@._V1_SX184_CR0,0,184,278_.jpg",universal pictures,-1,pg-13,"['action', 'crime', 'thriller']",143,2021-05-19,58335c1e-4fd5-4b3b-a268-ecb889865196
136,interstellar,725442021,2014,"when earth becomes uninhabitable in the future, a farmer and ex-nasa pilot, joseph cooper, is tasked to pilot a spacecraft, along with a team of researchers, to find a new planet for humans.","https://m.media-amazon.com/images/M/MV5BYzdjMDAxZGItMjI2My00ODA1LTlkNzItOWFjMDU5ZDJlYWY3XkEyXkFqcGc@._V1_SY278_CR2,0,184,278_.jpg",paramount pictures,165000000,pg-13,"['adventure', 'drama', 'sci-fi']",169,2014-11-05,88cfc4a9-4209-43a9-87c2-901da02d605c
137,the amazing spider-man 2,716891708,2014,"when new york is put under siege by oscorp, it is up to spider-man to save the city he swore to protect as well as his loved ones.","https://m.media-amazon.com/images/M/MV5BOTA5NDYxNTg0OV5BMl5BanBnXkFtZTgwODE5NzU1MTE@._V1_SY278_CR2,0,184,278_.jpg",sony pictures releasing,-1,pg-13,"['action', 'adventure', 'sci-fi']",142,2014-04-16,11fd520d-9502-476c-b5cb-754d007864cf
138,dune: part two,714444358,2024,paul atreides unites with chani and the fremen while seeking revenge against the conspirators who destroyed his family.,"https://m.media-amazon.com/images/M/MV5BNTc0YmQxMjEtODI5MC00NjFiLTlkMWUtOGQ5NjFmYWUyZGJhXkEyXkFqcGc@._V1_SY278_CR2,0,184,278_.jpg",warner bros.,-1,pg-13,"['action', 'adventure', 'drama', 'sci-fi']",166,2024-02-28,242fd4bd-077d-45b7-96b6-f3df12b6333d
139,captain america: the winter soldier,714421503,2014,"as steve rogers struggles to embrace his role in the modern world, he teams up with a fellow avenger and s.h.i.e.l.d agent, black widow, to battle a new threat from history: an assassin known as the winter soldier.","https://m.media-amazon.com/images/M/MV5BNWY1NjFmNDItZDhmOC00NjI1LWE0ZDItMTM0MjBjZThiOTQ2XkEyXkFqcGc@._V1_SY278_CR2,0,184,278_.jpg",walt disney studios motion pictures,170000000,pg-13,"['action', 'adventure', 'sci-fi', 'thriller']",136,2014-03-26,7ad57dbd-f23a-4bc4-9d47-a0682eace4a8
140,the twilight saga: breaking dawn - part 1,712205856,2011,"the quileutes close in on expecting parents edward and bella, whose unborn child poses a threat to the wolf pack and the towns people of forks.","https://m.media-amazon.com/images/M/MV5BNjBlY2M2MTctMzU3Yi00MTY3LTlkMTAtMzhlMzY1YjZlYTA2XkEyXkFqcGc@._V1_SY278_CR2,0,184,278_.jpg",summit entertainment,110000000,pg-13,"['adventure', 'drama', 'fantasy', 'romance', 'thriller']",117,2011-11-16,f317daab-a6fe-4fba-a8ad-e9c3d9f70388
141,the twilight saga: new moon,711048123,2009,"after edward leaves because of an incident involving bella, jacob black becomes her best friend. but what bella doesn't realize is that jacob also has a secret that will change their lives suddenly.","https://m.media-amazon.com/images/M/MV5BMTI3MjE3NDIxNF5BMl5BanBnXkFtZTcwODM3NTY5Mg@@._V1_SY278_CR2,0,184,278_.jpg",summit entertainment,50000000,pg-13,"['adventure', 'drama', 'fantasy', 'romance']",130,2009-11-18,55e09bbf-2c7e-470b-9605-5f4d17afa52a
142,dawn of the planet of the apes,710644566,2014,the fragile peace between apes and humans is threatened as mistrust and betrayal threaten to plunge both tribes into a war for dominance over the earth.,"https://m.media-amazon.com/images/M/MV5BNWNjYzQ4ZGItZTg1My00NTM2LTg1NDUtYThjOTQwMTYyNjU1XkEyXkFqcGc@._V1_SY278_CR2,0,184,278_.jpg",twentieth century fox,170000000,pg-13,"['action', 'adventure', 'drama', 'sci-fi', 'thriller']",130,2014-07-09,7da2eaba-6540-442d-a916-dc3fc0d3abf4
143,transformers,709709780,2007,"an ancient struggle between two cybertronian races, the heroic autobots and the evil decepticons, comes to earth, with a clue to the ultimate power held by a teenager.","https://m.media-amazon.com/images/M/MV5BZjM3ZDA2YmItMzhiMi00ZGI3LTg3ZGQtOTk3Nzk0MDY0ZDZhXkEyXkFqcGc@._V1_SY278_CR7,0,184,278_.jpg",dreamworks,150000000,pg-13,"['action', 'adventure', 'sci-fi']",144,2007-06-28,91307edd-bfc0-4fcc-988e-cfa0203245f1
144,fast x,704875015,2023,dom toretto and his family are targeted by the vengeful son of drug kingpin hernan reyes.,"https://m.media-amazon.com/images/M/MV5BYzEwZjczOTktYzU1OS00YjJlLTgyY2UtNWEzODBlN2RjZDEwXkEyXkFqcGc@._V1_SX184_CR0,0,184,278_.jpg",universal pictures,-1,pg-13,"['action', 'adventure', 'crime', 'mystery', 'thriller']",141,2023-04-27,4283813e-5915-4bfd-b87b-ecc3eda493b3
145,it,704242888,2017,"in the summer of 1989, a group of bullied kids band together to destroy a shape-shifting monster, which disguises itself as a clown and preys on the children of derry, their small maine town.","https://m.media-amazon.com/images/M/MV5BZGZmOTZjNzUtOTE4OS00OGM3LWJiNGEtZjk4Yzg2M2Q1YzYxXkEyXkFqcGc@._V1_SY278_CR0,0,184,278_.jpg",warner bros.,35000000,r,['horror'],135,2017-09-06,8e97aabe-e0c0-45d8-acd5-2d0acf2448d5
146,the wandering earth,699992512,2019,"with the sun dying out, a group of brave astronauts set out to find new planet for the whole human race.","https://m.media-amazon.com/images/M/MV5BM2RkYTg4YWQtNmE3Ny00MmE3LWJkNzQtZTFhNWNjOGM3OTZlXkEyXkFqcGc@._V1_SY278_CR7,0,184,278_.jpg",cmc pictures,-1,pg,"['action', 'adventure', 'sci-fi', 'thriller']",125,2019-01-31,5053c900-993c-4cdd-bd3e-b3a74071d701
147,the twilight saga: eclipse,698513085,2010,"as a string of mysterious killings grips seattle, bella, whose high school graduation is fast approaching, is forced to choose between her love for vampire edward and her friendship with werewolf jacob.","https://m.media-amazon.com/images/M/MV5BNDMwNjAzNzYwOF5BMl5BanBnXkFtZTcwMDY5NzcyMw@@._V1_SY278_CR2,0,184,278_.jpg",summit entertainment,68000000,pg-13,"['action', 'adventure', 'drama', 'fantasy', 'mystery', 'romance', 'thriller']",124,2010-06-30,4b53bf3d-cca0-4c53-bf49-d2cb1dc7c9a9
148,the hunger games,695220619,2012,katniss everdeen voluntarily takes her younger sister's place in the hunger games: a televised competition in which two teenagers from each of the twelve districts of panem are chosen at random to fight to the death.,"https://m.media-amazon.com/images/M/MV5BMWI1OGM4YjQtNmIxNi00YmE2LWJkNTAtY2Q0YjU4NTI5NWQyXkEyXkFqcGc@._V1_SY278_CR0,0,184,278_.jpg",lionsgate films,78000000,pg-13,"['action', 'adventure', 'sci-fi', 'thriller']",142,2012-03-08,3eb125f5-f3b4-4b25-8510-a600da96f14e
149,mission: impossible - ghost protocol,694713380,2011,"the imf is shut down when it's implicated in the bombing of the kremlin, causing ethan hunt and his new team to go rogue to clear their organization's name.","https://m.media-amazon.com/images/M/MV5BMTY4MTUxMjQ5OV5BMl5BanBnXkFtZTcwNTUyMzg5Ng@@._V1_SY278_CR2,0,184,278_.jpg",paramount pictures,145000000,pg-13,"['action', 'adventure', 'thriller']",132,2011-12-14,c3fb0d8d-ca6f-4cdf-ad47-ee8714abfa6d
150,spider-man: across the spider-verse,690824738,2023,"miles morales catapults across the multiverse, where he encounters a team of spider-people charged with protecting its very existence. when the heroes clash on how to handle a new threat, miles must redefine what it means to be a hero.","https://m.media-amazon.com/images/M/MV5BNThiZjA3MjItZGY5Ni00ZmJhLWEwN2EtOTBlYTA4Y2E0M2ZmXkEyXkFqcGc@._V1_SY278_CR1,0,184,278_.jpg",columbia pictures,-1,pg,"['action', 'adventure', 'animation', 'fantasy', 'sci-fi']",140,2023-05-31,0ca682cb-b6ce-4087-bcde-cd6b0a29a713
151,detective chinatown 3,686257563,2021,a major crime occurs in tokyo when detectives tang ren and qin feng are invited to investigate the crime. a battle between the strongest detectives in asia is about to break out with bursts of laughter.,"https://m.media-amazon.com/images/M/MV5BMDY0YjMxMWYtOWViYS00OGU4LTkyNmEtOThmNTJkNTRiMTk5XkEyXkFqcGc@._V1_SY278_CR7,0,184,278_.jpg",warner bros.,-1,r,"['action', 'adventure', 'comedy', 'mystery']",136,2021-02-12,95206157-cff3-4555-af18-f0bd8e17a733
152,mission: impossible - rogue nation,682716636,2015,ethan and his team take on their most impossible mission yet when they have to eradicate an international rogue organization as highly skilled as they are and committed to destroying the imf.,"https://m.media-amazon.com/images/M/MV5BZjUwZjg2ZjAtY2RhZi00YmZjLTlhNGQtOWQwNDk1MjhhM2NhXkEyXkFqcGc@._V1_SX184_CR0,0,184,278_.jpg",paramount pictures,150000000,pg-13,"['action', 'adventure', 'thriller']",131,2015-07-24,f15de27d-6630-4391-b77e-03262d419e9d
153,forrest gump,678226465,1994,"the history of the united states from the 1950s to the '70s unfolds from the perspective of an alabama man with an iq of 75, who yearns to be reunited with his childhood sweetheart.","https://m.media-amazon.com/images/M/MV5BNDYwNzVjMTItZmU5YS00YjQ5LTljYjgtMjY2NDVmYWMyNWFmXkEyXkFqcGc@._V1_SY278_CR4,0,184,278_.jpg",paramount pictures,55000000,pg-13,"['drama', 'romance']",142,1994-07-06,cf894eb4-a168-41d9-87b9-029a7be765c7
154,doctor strange,677796833,2016,"while on a journey of physical and spiritual healing, a brilliant neurosurgeon is drawn into the world of the mystic arts.","https://m.media-amazon.com/images/M/MV5BNjgwNzAzNjk1Nl5BMl5BanBnXkFtZTgwMzQ2NjI1OTE@._V1_SY278_CR2,0,184,278_.jpg",walt disney studios motion pictures,165000000,pg-13,"['action', 'adventure', 'fantasy', 'sci-fi']",115,2016-10-25,1e64b4ce-0ae9-4a51-b044-faba0bfc13d5
155,the sixth sense,672806432,1999,a child psychologist starts treating a young boy with a disturbing secret.,"https://m.media-amazon.com/images/M/MV5BZWQ2OTY0M2UtMTQxNC00MmIzLTllNDQtNDQ0MTQyYzI2M2ZiXkEyXkFqcGc@._V1_SY278_CR2,0,184,278_.jpg",walt disney studios motion pictures,40000000,pg-13,"['drama', 'mystery', 'thriller']",107,1999-08-06,cb5028b5-edc3-4cf3-84f1-58ac6cf481b5
156,man of steel,670145518,2013,an alien child is evacuated from his dying world and sent to earth to live among humans. his peace is threatened when other survivors of his home planet invade earth.,"https://m.media-amazon.com/images/M/MV5BMTk5ODk1NDkxMF5BMl5BanBnXkFtZTcwNTA5OTY0OQ@@._V1_SY278_CR2,0,184,278_.jpg",warner bros.,225000000,pg-13,"['action', 'adventure', 'sci-fi']",143,2013-06-12,8508a5e1-2148-4e7e-a755-f5be46888a5f
157,ice age: the meltdown,667094506,2006,"manny, sid and diego discover that the ice age is coming to an end, and join everybody for a journey to higher ground. on the trip, they discover that manny is not in fact the last of the woolly mammoths.","https://m.media-amazon.com/images/M/MV5BMjAwODg3OTAxMl5BMl5BanBnXkFtZTcwMjg2NjYyMw@@._V1_SY278_CR2,0,184,278_.jpg",twentieth century fox,80000000,pg,"['adventure', 'animation', 'comedy', 'family']",91,2006-03-29,2c483f5a-30f7-4f40-a495-d003f197279e
158,kung fu panda 2,665692281,2011,"po and his friends fight to stop a peacock villain from conquering china with a deadly new weapon, but first the dragon warrior must come to terms with his past.","https://m.media-amazon.com/images/M/MV5BYmIxMGYzMTUtZDQzYy00ODc4LWE1YzQtZGMwYTc0YTYyYTE0XkEyXkFqcGc@._V1_SY278_CR2,0,184,278_.jpg",dreamworks,150000000,pg,"['action', 'adventure', 'animation', 'comedy', 'drama', 'family', 'fantasy']",90,2011-05-26,2ad4fe74-9b00-45af-b197-549ed85c99a8
159,the hunger games: mockingjay - part 2,661456867,2015,katniss and a team of rebels from district 13 prepare for the final battle that will decide the fate of panem.,"https://m.media-amazon.com/images/M/MV5BNjQzNDI2NTU1Ml5BMl5BanBnXkFtZTgwNTAyMDQ5NjE@._V1_SX184_CR0,0,184,278_.jpg",lionsgate films,160000000,pg-13,"['action', 'adventure', 'sci-fi', 'thriller']",137,2015-11-18,4d7bcdf8-1a4a-457a-9e21-c0fbea5b66ec
160,justice league,661326987,2017,"steppenwolf and his parademons return after eons to capture earth. however, batman seeks the help of wonder woman to recruit and assemble flash, cyborg and aquaman to fight the powerful new enemy.","https://m.media-amazon.com/images/M/MV5BMjM5YmQxM2YtZjI2Yy00YjhhLTg5N2MtMTEyMzdlZDU3OTVhXkEyXkFqcGc@._V1_SY278_CR2,0,184,278_.jpg",warner bros.,-1,pg-13,"['action', 'adventure', 'fantasy', 'sci-fi']",120,2017-10-17,1a342aaa-de73-4da5-9a40-4dc2445e8f18
161,big hero 6,657870525,2014,"a special bond develops between plus-sized inflatable robot baymax and prodigy hiro hamada, who together team up with a group of friends to form a band of high-tech heroes.","https://m.media-amazon.com/images/M/MV5BYjQ3YzUyOGQtNjdlYS00YmRhLWIyOWYtMGQ3YjkwMjJiYzRjXkEyXkFqcGc@._V1_SY278_CR5,0,184,278_.jpg",walt disney studios motion pictures,165000000,pg,"['action', 'adventure', 'animation', 'comedy', 'crime', 'family', 'sci-fi']",102,2014-10-25,fecc5127-4a68-41c8-bb54-d6b9f7b01fa8
162,fantastic beasts: the crimes of grindelwald,655755901,2018,"gellert grindelwald plans to raise an army of wizards to rule over non-magical beings. in response, newt scamander's former professor, albus dumbledore, seeks his help to stop him.","https://m.media-amazon.com/images/M/MV5BZGIyZjk5ODctNDg3MC00YTgyLThmYTAtNjZkNzk4Y2JhMDRhXkEyXkFqcGc@._V1_SY278_CR1,0,184,278_.jpg",warner bros.,200000000,pg-13,"['adventure', 'family', 'fantasy']",134,2018-10-12,bf4d349c-d748-4ba2-8ed7-1f4bdf19df8d
163,pirates of the caribbean: the curse of the black pearl,654264546,2003,"blacksmith will turner teams up with eccentric pirate ""captain"" jack sparrow to save elizabeth swann, the governor's daughter and his love, from jack's former pirate allies, who are now undead.","https://m.media-amazon.com/images/M/MV5BNDhlMzEyNzItMTA5Mi00YWRhLThlNTktYTQyMTA0MDIyNDEyXkEyXkFqcGc@._V1_SY278_CR1,0,184,278_.jpg",walt disney studios motion pictures,140000000,pg-13,"['action', 'adventure', 'fantasy']",143,2003-07-09,d742b962-00de-4da2-8211-d96a02db12bb
164,men in black³,654213485,2012,agent j travels in time to m.i.b.'s early days in 1969 to stop an alien from assassinating his friend agent k and changing history.,"https://m.media-amazon.com/images/M/MV5BMTU2NTYxODcwMF5BMl5BanBnXkFtZTcwNDk1NDY0Nw@@._V1_SY278_CR2,0,184,278_.jpg",sony pictures releasing,225000000,pg-13,"['action', 'adventure', 'comedy', 'sci-fi']",106,2012-05-23,f89cdf52-01a8-4d51-afe4-da4227e6a04c
165,star wars: episode ii - attack of the clones,653780724,2002,"ten years after initially meeting, anakin skywalker shares a forbidden romance with padmé amidala, while obi-wan kenobi discovers a secret clone army crafted for the jedi.","https://m.media-amazon.com/images/M/MV5BNTgxMjY2YzUtZmVmNC00YjAwLWJlODMtNDBhNzllNzIzMjgxXkEyXkFqcGc@._V1_SX184_CR0,0,184,278_.jpg",twentieth century fox,115000000,pg,"['action', 'adventure', 'fantasy', 'sci-fi']",142,2002-05-16,62eea4bf-151a-4d51-a453-0f9e0b018be2
166,thor: the dark world,644783140,2013,"when the dark elves attempt to plunge the universe into darkness, thor must embark on a perilous and personal journey that will reunite him with doctor jane foster.","https://m.media-amazon.com/images/M/MV5BMTQyNzAwOTUxOF5BMl5BanBnXkFtZTcwMTE0OTc5OQ@@._V1_SY278_CR5,0,184,278_.jpg",walt disney studios motion pictures,170000000,pg-13,"['action', 'adventure', 'fantasy']",112,2013-10-30,d75f9930-fc42-4538-86ad-889c3f0ab77b
167,moana,643332467,2016,"in ancient polynesia, when a terrible curse incurred by the demigod maui reaches moana's island, she answers the ocean's call to seek out maui to set things right.","https://m.media-amazon.com/images/M/MV5BMjI4MzU5NTExNF5BMl5BanBnXkFtZTgwNzY1MTEwMDI@._V1_SY278_CR2,0,184,278_.jpg",walt disney studios motion pictures,-1,pg,"['adventure', 'animation', 'comedy', 'family', 'fantasy', 'musical']",107,2016-11-23,b1680c7b-2880-470e-8e52-42f2bc8772b7
168,wonka,634402312,2023,"with dreams of opening a shop in a city renowned for its chocolate, a young and poor willy wonka discovers that the industry is run by a cartel of greedy chocolatiers.","https://m.media-amazon.com/images/M/MV5BM2Y1N2ZhNjctYjVhZC00MDg2LWFhNTItMzI3ZjAwZDhjYmFiXkEyXkFqcGc@._V1_SY278_CR19,0,184,278_.jpg",warner bros.,-1,pg,"['adventure', 'comedy', 'family', 'fantasy', 'musical']",116,2023-12-06,113ab059-5c27-442a-b8d7-0bf266f34711
169,sing,634338409,2016,"in a city of humanoid animals, a hustling theater impresario's attempt to save his theater with a singing competition becomes grander than he anticipates even as its finalists find that their lives will never be the same.","https://m.media-amazon.com/images/M/MV5BMTYzODYzODU2Ml5BMl5BanBnXkFtZTgwNTc1MTA2NzE@._V1_SY278_CR2,0,184,278_.jpg",universal pictures,75000000,pg,"['animation', 'comedy', 'family', 'musical']",108,2016-12-02,d3dd940c-1b1a-4849-99b9-8b985b3a6da7
170,kung fu panda,632091832,2008,"to everyone's surprise, including his own, po, an overweight, clumsy panda, is chosen as protector of the valley of peace. his suitability will soon be tested as the valley's arch-enemy is on his way.","https://m.media-amazon.com/images/M/MV5BZDU5MDNiMGItYjVmZi00NDUxLTg2OTktNGE0NzNlNzM4NzgyXkEyXkFqcGc@._V1_SY278_CR4,0,184,278_.jpg",dreamworks,130000000,pg,"['action', 'adventure', 'animation', 'comedy', 'family', 'fantasy']",92,2008-06-05,6323ef19-2846-4436-8f60-7f91304c6a83
171,the incredibles,631688498,2004,"while trying to lead a quiet suburban life, a family of undercover superheroes are forced into action to save the world.","https://m.media-amazon.com/images/M/MV5BMTY5OTU0OTc2NV5BMl5BanBnXkFtZTcwMzU4MDcyMQ@@._V1_SY278_CR2,0,184,278_.jpg",walt disney studios motion pictures,92000000,pg,"['action', 'adventure', 'animation', 'family']",115,2004-11-05,79db756b-7910-478f-9043-1eb8f8a29d02
172,the martian,630621406,2015,"an astronaut becomes stranded on mars after his team assume him dead, and must rely on his ingenuity to find a way to signal to earth that he is alive and can survive until a potential rescue.","https://m.media-amazon.com/images/M/MV5BMTc2MTQ3MDA1Nl5BMl5BanBnXkFtZTgwODA3OTI4NjE@._V1_SY278_CR2,0,184,278_.jpg",twentieth century fox,108000000,pg-13,"['adventure', 'drama', 'sci-fi']",144,2015-09-30,d571cef0-5099-45a0-a99f-0aa56105d978
173,hancock,629443428,2008,hancock is a superhero whose ill-considered behavior regularly causes damage in the millions. he changes when the person he saves helps him improve his public image.,"https://m.media-amazon.com/images/M/MV5BMTgyMzc4ODU3NV5BMl5BanBnXkFtZTcwNjk5Mzc1MQ@@._V1_SY278_CR1,0,184,278_.jpg",sony pictures releasing,150000000,pg-13,"['action', 'comedy', 'drama', 'fantasy']",92,2008-07-02,5d9009cb-0e91-4866-bc0a-bbccafb463dc
174,water gate bridge,626571697,2022,"sequel to ""the battle at lake changjin"". follows the chinese people's volunteers (cpv) soldiers on a new task, and now their battlefield is a crucial bridge on the retreat route of american troops.","https://m.media-amazon.com/images/M/MV5BZDY3ODk4NWQtYjhjZC00OTM2LWEzYmUtY2IwYWE4ZWZmNGFlXkEyXkFqcGc@._V1_SY278_CR7,0,184,278_.jpg",cmc pictures,-1,pg,"['action', 'drama', 'history', 'war']",153,2022-02-01,908f06d2-3d91-4e69-a9a9-b991b9900517
175,fast five,626140012,2011,dominic toretto and his crew of street racers plan a massive heist to buy their freedom while in the sights of a powerful brazilian drug lord and a dangerous federal agent.,"https://m.media-amazon.com/images/M/MV5BMTUxNTk5MTE0OF5BMl5BanBnXkFtZTcwMjA2NzY3NA@@._V1_SY278_CR2,0,184,278_.jpg",universal pictures,125000000,pg-13,"['action', 'crime', 'thriller']",130,2011-04-20,2b79645a-d153-4bec-98f3-97fa16b0fe88
176,iron man 2,623933331,2010,"with the world now aware of his identity as iron man, tony stark must contend with both his declining health and a vengeful mad man with ties to his father's legacy.","https://m.media-amazon.com/images/M/MV5BYWYyOGQzOGYtMGQ1My00ZWYxLTgzZjktZWYzN2IwYjkxYzM0XkEyXkFqcGc@._V1_SY278_CR2,0,184,278_.jpg",paramount pictures,200000000,pg-13,"['action', 'sci-fi']",124,2010-04-28,d6da27e4-8b1e-4d5b-b636-f0d9f494f700
177,ratatouille,623728318,2007,a rat who can cook makes an unusual alliance with a young kitchen worker at a famous paris restaurant.,"https://m.media-amazon.com/images/M/MV5BMTMzODU0NTkxMF5BMl5BanBnXkFtZTcwMjQ4MzMzMw@@._V1_SY278_CR2,0,184,278_.jpg",walt disney studios motion pictures,150000000,g,"['adventure', 'animation', 'comedy', 'family', 'fantasy']",111,2007-06-28,b380fa24-8f1b-454e-ac93-01e88d9bb671
178,ant-man and the wasp,622674139,2018,"as scott lang balances being both a superhero and a father, hope van dyne and dr. hank pym present an urgent new mission that finds the ant-man fighting alongside the wasp to uncover secrets from their past.","https://m.media-amazon.com/images/M/MV5BODVkY2ZmZTAtYzFhMi00YzZlLWE2YWMtMDBiYjY2OTU4ZWM0XkEyXkFqcGc@._V1_SY278_CR2,0,184,278_.jpg",walt disney studios motion pictures,-1,pg-13,"['action', 'adventure', 'comedy', 'sci-fi']",118,2018-07-04,de1b5c8e-f5bf-485f-931c-628c0a8480b8
179,how to train your dragon 2,621537519,2014,"when hiccup and toothless discover an ice cave that is home to hundreds of new wild dragons and the mysterious dragon rider, the two friends find themselves at the center of a battle to protect the peace.","https://m.media-amazon.com/images/M/MV5BMzMwMTAwODczN15BMl5BanBnXkFtZTgwMDk2NDA4MTE@._V1_SY278_CR2,0,184,278_.jpg",twentieth century fox,145000000,pg,"['action', 'adventure', 'animation', 'comedy', 'family', 'fantasy']",102,2014-06-05,083aa583-9c6c-48dc-a14c-b05915f799ab
180,logan,619180476,2017,"in a future where mutants are nearly extinct, an elderly and weary logan leads a quiet life. but when laura, a mutant child pursued by scientists, comes to him for help, he must get her to safety.","https://m.media-amazon.com/images/M/MV5BM2JjODdkMGMtNmY2YS00OGM2LThiY2YtZGYyNzE4Nzc2ODA0XkEyXkFqcGc@._V1_SY278_CR0,0,184,278_.jpg",twentieth century fox,97000000,r,"['action', 'drama', 'sci-fi', 'thriller']",137,2017-03-01,b210e381-bb3d-495c-a246-bcc22ab921c2
181,the lost world: jurassic park,618638999,1997,"a research team is sent to the jurassic park site b island to study the dinosaurs there, while an ingen team approaches with another agenda.","https://m.media-amazon.com/images/M/MV5BMGI3NDg5N2ItZGIyZi00ZWNkLWFlODUtZDA1Y2Q1M2U4NGM2XkEyXkFqcGc@._V1_SY278_CR0,0,184,278_.jpg",universal pictures,73000000,pg-13,"['action', 'adventure', 'sci-fi']",129,1997-05-23,5047680e-def5-4f85-bfcc-1b312c5959ec
182,casino royale,616577552,2006,"after earning a licence to kill, secret agent james bond sets out on his first mission as 007. bond must defeat a private banker funding terrorists in a high-stakes game of poker at casino royale, in montenegro.","https://m.media-amazon.com/images/M/MV5BMTM5MjI4NDExNF5BMl5BanBnXkFtZTcwMDM1MjMzMQ@@._V1_SY278_CR1,0,184,278_.jpg",sony pictures releasing,150000000,pg-13,"['action', 'adventure', 'thriller']",144,2006-11-15,78a21292-961a-447c-949c-e12cec6bdf3e
183,the passion of the christ,612060372,2004,"depicts the final twelve hours in the life of jesus of nazareth, on the day of his crucifixion in jerusalem.","https://m.media-amazon.com/images/M/MV5BNzMxY2Y4MzktMGNkNC00ODFjLWI3MGMtMzM2M2ExNmQxMGFmXkEyXkFqcGc@._V1_SY278_CR1,0,184,278_.jpg",newmarket films,30000000,r,['drama'],127,2004-02-25,0084c6df-1c95-4570-ac5e-413e979b579a
184,mamma mia!,611452132,2008,"donna, an independent hotelier, is preparing for her daughter's wedding with the help of two old friends. meanwhile sophie, the spirited bride, has a plan. she invites three men from her mother's past in hope of meeting her real father.","https://m.media-amazon.com/images/M/MV5BMTA2MDU0MjM0MzReQTJeQWpwZ15BbWU3MDYwNzgwNzE@._V1_SY278_CR2,0,184,278_.jpg",universal pictures,52000000,pg-13,"['comedy', 'musical', 'romance']",108,2008-06-27,2a87daee-0dd5-490d-a003-32f75127cc17
185,life of pi,609016565,2012,"a young man who survives a disaster at sea is hurtled into an epic journey of adventure and discovery. while cast away, he forms an unexpected connection with another survivor: a fearsome bengal tiger.","https://m.media-amazon.com/images/M/MV5BNTg2OTY2ODg5OF5BMl5BanBnXkFtZTcwODM5MTYxOA@@._V1_SY278_CR1,0,184,278_.jpg",twentieth century fox,120000000,pg,"['adventure', 'drama', 'fantasy']",127,2012-11-21,c5c5a979-d1d3-4778-81d9-7b1c11c9cf3f
186,ready player one,607874422,2018,"when the creator of a virtual reality called the oasis dies, he makes a posthumous challenge to all oasis users to find his easter egg, which will give the finder his fortune and control of his world.","https://m.media-amazon.com/images/M/MV5BNzVkMTgzODQtMWIwZC00NzE4LTgzZjYtMzAwM2I5OGZhNjE4XkEyXkFqcGc@._V1_SY278_CR2,0,184,278_.jpg",warner bros.,175000000,pg-13,"['action', 'adventure', 'sci-fi']",140,2018-03-28,22734f05-4e33-4d2e-a77e-d56528a5246b
187,transformers: the last knight,605425157,2017,"a deadly threat from earth's history reappears and a hunt for a lost artifact takes place between autobots and decepticons, while optimus prime encounters his creator in space.","https://m.media-amazon.com/images/M/MV5BYWNlNjU3ZTItYTY3Mi00YTU1LTk4NjQtYjQ3MjFiNjcyODliXkEyXkFqcGc@._V1_SY278_CR2,0,184,278_.jpg",paramount pictures,217000000,pg-13,"['action', 'adventure', 'sci-fi']",154,2017-06-21,bceb5a51-af72-4dfd-b081-4aad4841b58d
188,madagascar: escape 2 africa,603900354,2008,"the madagascar animals fly back to new york city, but crash-land on an african nature reserve in kenya, where they meet others of their own kind, and alex especially discovers his royal heritage as prince of a lion pride.","https://m.media-amazon.com/images/M/MV5BMjExMDA4NDcwMl5BMl5BanBnXkFtZTcwODAxNTQ3MQ@@._V1_SY278_CR2,0,184,278_.jpg",dreamworks,150000000,pg,"['adventure', 'animation', 'comedy', 'family']",89,2008-10-30,b65c9e3e-22e9-48af-8bbd-3d6795ba7190
189,war of the worlds,603873504,2005,an alien invasion threatens the future of humanity. the catastrophic nightmare is depicted through the eyes of one american family fighting for survival.,"https://m.media-amazon.com/images/M/MV5BNDUyODAzNDI1Nl5BMl5BanBnXkFtZTcwMDA2NDAzMw@@._V1_SY278_CR2,0,184,278_.jpg",paramount pictures,132000000,pg-13,"['action', 'adventure', 'sci-fi']",117,2005-06-29,0bd888fa-f5de-4221-9cf7-8b16da4382bd
190,tangled,591806017,2010,"the magically long-haired rapunzel has spent her entire life in a tower, but now that a runaway thief has stumbled upon her, she is about to discover the world for the first time, and who she really is.","https://m.media-amazon.com/images/M/MV5BMTAxNDYxMjg0MjNeQTJeQWpwZ15BbWU3MDcyNTk2OTM@._V1_SY278_CR1,0,184,278_.jpg",walt disney studios motion pictures,260000000,pg,"['adventure', 'animation', 'comedy', 'family', 'fantasy', 'musical', 'romance']",100,2010-11-24,be3a43e5-77b5-4e81-9dae-6eca1d787108
191,quantum of solace,589593688,2008,james bond tries to stop an organisation from eliminating a country's most valuable resource.,"https://m.media-amazon.com/images/M/MV5BYmMwZTA3MTAtNWU0Yy00NGZmLTg0YmItZTVkZGFjZTI1ZWJiXkEyXkFqcGc@._V1_SY278_CR1,0,184,278_.jpg",sony pictures releasing,200000000,pg-13,"['action', 'adventure', 'mystery', 'thriller']",106,2008-10-31,1226c431-1e27-4ebd-8b4b-b5827411f3ec
192,men in black,589390539,1997,"james, an nyc cop, is hired by agent k of a secret government agency that monitors extraterrestrial life on earth. together, they must recover an item that has been stolen by an intergalactic villain.","https://m.media-amazon.com/images/M/MV5BZmQ0YTdhYzEtMjIxZC00MGFiLTlmNjktZmFlOWE2M2QxOTRhXkEyXkFqcGc@._V1_SY278_CR0,0,184,278_.jpg",sony pictures releasing,90000000,pg-13,"['action', 'adventure', 'comedy', 'sci-fi']",98,1997-07-02,bbf8bf0f-a31d-4665-b9e8-1fc90056cf8b
193,the croods,587266745,2013,"in the primeval era, grug and his family risk the dangers of their surroundings to find a new dwelling place. along the way, they meet a modern boy who woos them with his adventurous ways.","https://m.media-amazon.com/images/M/MV5BMTcyOTc2OTA1Ml5BMl5BanBnXkFtZTcwOTI1MjkzOQ@@._V1_SY278_CR2,0,184,278_.jpg",twentieth century fox,135000000,pg,"['adventure', 'animation', 'comedy', 'family', 'fantasy']",98,2013-03-15,951633f5-4654-4326-9c36-072a75a9a196
194,the hangover part ii,586764305,2011,"two years after the bachelor party in las vegas, phil, stu, alan, and doug jet to thailand for stu's wedding. stu's plan for a subdued pre-wedding brunch, however, goes seriously awry.","https://m.media-amazon.com/images/M/MV5BMTM2MTM4MzY2OV5BMl5BanBnXkFtZTcwNjQ3NzI4NA@@._V1_SY278_CR2,0,184,278_.jpg",warner bros.,80000000,r,['comedy'],102,2011-05-25,1352bbe9-0f46-4cfd-a622-27a2ffbfff9e
195,iron man,585796247,2008,"after being held captive in an afghan cave, billionaire engineer tony stark creates a unique weaponized suit of armor to fight evil.","https://m.media-amazon.com/images/M/MV5BMTczNTI2ODUwOF5BMl5BanBnXkFtZTcwMTU0NTIzMw@@._V1_SY278_CR2,0,184,278_.jpg",paramount pictures,140000000,pg-13,"['action', 'adventure', 'sci-fi']",126,2008-04-30,f53263cf-a2b1-401e-81b2-796ca1668d31
196,i am legend,585410052,2007,"years after a plague kills most of humanity and transforms the rest into monsters, the sole survivor in new york city struggles valiantly to find a cure.","https://m.media-amazon.com/images/M/MV5BMGE1OWZkZmItNmVhMC00YzAxLTgxOTctNjg3NWExM2RmOWJkXkEyXkFqcGc@._V1_SY278_CR2,0,184,278_.jpg",warner bros.,150000000,pg-13,"['action', 'drama', 'horror', 'sci-fi', 'thriller']",101,2007-12-12,bc8f4569-bbae-429a-8fc6-dc0a9ea29d96
197,"monsters, inc.",579723931,2001,"in order to power the city, monsters have to scare children so that they scream. however, the children are toxic to the monsters, and after a child gets through, two monsters realize things may not be what they think.","https://m.media-amazon.com/images/M/MV5BMTY1NTI0ODUyOF5BMl5BanBnXkFtZTgwNTEyNjQ0MDE@._V1_SY278_CR2,0,184,278_.jpg",walt disney studios motion pictures,115000000,g,"['adventure', 'animation', 'comedy', 'family', 'fantasy']",92,2001-11-02,98303145-71d7-42b5-8de6-9173a389a606
198,operation red sea,579330426,2018,pla navy marine corps launch a hostage rescue operation in the fictional republic of ihwea and undergo a fierce battle with rebellions and terrorism.,"https://m.media-amazon.com/images/M/MV5BOGQ1NmM4NWEtZmE0ZC00YjcyLTk3MTMtOWYxODU3NTg3YzdmXkEyXkFqcGc@._V1_SY278_CR7,0,184,278_.jpg",well go usa entertainment,-1,pg,"['action', 'drama', 'thriller', 'war']",142,2018-02-16,a548d283-644a-4976-b4a9-99489f02d04a
199,night at the museum,574482479,2006,a newly recruited night security guard at the museum of natural history discovers that an ancient curse causes the animals and exhibits on display to come to life and wreak havoc.,"https://m.media-amazon.com/images/M/MV5BNGMyYjYyZDAtNzRiZC00ZjRkLTkwYjktODkxODQzNTFiMTVmXkEyXkFqcGc@._V1_SY278_CR2,0,184,278_.jpg",twentieth century fox,-1,pg,"['adventure', 'comedy', 'family', 'fantasy']",108,2006-12-21,20377f19-e0ca-4d28-865c-bfc8c3303a2d
200,godzilla x kong: the new empire,571750016,2024,"two ancient titans, godzilla and kong, clash in an epic battle as humans unravel their intertwined origins and connection to skull island's mysteries.","https://m.media-amazon.com/images/M/MV5BMTY0N2MzODctY2ExYy00OWYxLTkyNDItMTVhZGIxZjliZjU5XkEyXkFqcGc@._V1_SY278_CR0,0,184,278_.jpg",warner bros.,-1,pg-13,"['action', 'adventure', 'fantasy', 'sci-fi', 'thriller']",115,2024-03-27,aac00c98-ac79-4831-b98c-23c0c024731c
